html_url,js_files_count,eslint_issues_total,eslint_error,eslint_warning,eslint_fatal,eslint_fixable_error,eslint_fixable_warning,eslint_sonarjs,eslint_unicorn,eslint_import,eslint_core
https://github.com/14790897/handwriting-web/pull/45,1,0,0,0,0,0,0,0,0,0,0
https://github.com/4ian/GDevelop/pull/7728,1,10,9,1,0,0,0,1,0,0,9
https://github.com/514-labs/moose/pull/2336,1,1,0,1,0,0,0,0,0,0,0
https://github.com/Alfresco/alfresco-ng2-components/pull/11060,10,115,114,1,0,0,0,1,0,0,114
https://github.com/Apollon77/ioBroker.alexa2/pull/1234,1,130,109,21,0,0,0,21,0,0,109
https://github.com/Apollon77/ioBroker.alexa2/pull/1235,1,130,109,21,0,0,0,21,0,0,109
https://github.com/Apollon77/ioBroker.alexa2/pull/1236,1,130,109,21,0,0,0,21,0,0,109
https://github.com/Apollon77/ioBroker.alexa2/pull/1237,1,130,109,21,0,0,0,21,0,0,109
https://github.com/Apollon77/ioBroker.alexa2/pull/1238,1,130,109,21,0,0,0,21,0,0,109
https://github.com/Apollon77/ioBroker.alexa2/pull/1239,1,130,109,21,0,0,0,21,0,0,109
https://github.com/Apollon77/ioBroker.alexa2/pull/1240,1,130,109,21,0,0,0,21,0,0,109
https://github.com/Apollon77/ioBroker.alexa2/pull/1241,1,130,109,21,0,0,0,21,0,0,109
https://github.com/Apollon77/ioBroker.alexa2/pull/1242,1,130,109,21,0,0,0,21,0,0,109
https://github.com/Apollon77/ioBroker.alexa2/pull/1243,1,130,109,21,0,0,0,21,0,0,109
https://github.com/Azure-Samples/azure-ai-travel-agents/pull/77,1,1,1,0,0,0,0,0,0,0,1
https://github.com/Azure/awesome-azd/pull/623,1,1,1,0,1,0,0,0,0,0,0
https://github.com/Azure/awesome-azd/pull/631,1,1,1,0,1,0,0,0,0,0,0
https://github.com/Azure/azure-mcp/pull/394,1,35,35,0,0,0,0,0,0,0,35
https://github.com/Azure/azure-sdk-for-js/pull/34737,39,440,438,2,0,0,0,2,0,0,438
https://github.com/BerriAI/litellm/pull/12551,1,1,1,0,0,0,0,0,0,0,1
https://github.com/BlueWallet/BlueWallet/pull/7989,1,81,81,0,0,0,0,0,0,0,81
https://github.com/BlueWallet/GroundControl/pull/294,1,5,5,0,0,0,0,0,0,0,5
https://github.com/BoldGrid/w3-total-cache/pull/1137,1,56,56,0,0,0,0,0,0,0,56
https://github.com/CarGuo/GSYGithubAPP/pull/137,8,29,28,1,0,0,0,1,0,0,28
https://github.com/CitizensFoundation/your-priorities-app/pull/188,1,3,3,0,0,0,0,0,0,0,3
https://github.com/CitizensFoundation/your-priorities-app/pull/279,1,4,4,0,0,0,0,0,0,0,4
https://github.com/Codehagen/Badget/pull/294,3,0,0,0,0,0,0,0,0,0,0
https://github.com/Codehagen/Badget/pull/295,1,0,0,0,0,0,0,0,0,0,0
https://github.com/CoderGamester/mcp-unity/pull/44,2,1,1,0,0,0,0,0,0,0,1
https://github.com/Deep-Learning-Profiling-Tools/triton-viz/pull/86,8,97,96,1,0,0,0,1,0,0,96
https://github.com/Deepractice/PromptX/pull/114,2,8,8,0,0,0,0,0,0,0,8
https://github.com/Deepractice/PromptX/pull/119,1,36,36,0,0,0,0,0,0,0,36
https://github.com/Deepractice/PromptX/pull/121,1,36,36,0,0,0,0,0,0,0,36
https://github.com/Deepractice/PromptX/pull/130,14,243,240,3,0,0,0,3,0,0,240
https://github.com/Deepractice/PromptX/pull/180,1,1,1,0,0,0,0,0,0,0,1
https://github.com/DogukanUrker/FlaskBlog/pull/189,2,11,11,0,0,0,0,0,0,0,11
https://github.com/DumbWareio/DumbBudget/pull/44,2,211,208,3,0,0,0,3,0,0,208
https://github.com/EasyCorp/EasyAdminBundle/pull/6964,1,11,11,0,0,0,0,0,0,0,11
https://github.com/FarmBot/Farmbot-Web-App/pull/2491,1,4,4,0,0,0,0,0,0,0,4
https://github.com/Fastbyte01/KeepIt/pull/88,2,256,256,0,0,0,0,0,0,0,256
https://github.com/Fastbyte01/KeepIt/pull/92,2,258,258,0,0,0,0,0,0,0,258
https://github.com/GlareDB/glaredb/pull/3952,1,9,9,0,0,0,0,0,0,0,9
https://github.com/JMBeresford/retrom/pull/345,5,0,0,0,0,0,0,0,0,0,0
https://github.com/JhumanJ/OpnForm/pull/788,2,2,2,0,0,0,0,0,0,0,2
https://github.com/Kanaries/GWalkR/pull/50,1,14,14,0,0,0,0,0,0,0,14
https://github.com/KomodoPlatform/komodo-wallet/pull/2810,1,6,6,0,0,0,0,0,0,0,6
https://github.com/KomodoPlatform/komodo-wallet/pull/2864,1,6,6,0,0,0,0,0,0,0,6
https://github.com/LayerZero-Labs/devtools/pull/1527,1,2,2,0,0,0,0,0,0,0,2
https://github.com/LinuxDroidMaster/TrimUI-Brick-101/pull/3,1,1,1,0,1,0,0,0,0,0,0
https://github.com/MetaMask/metamask-mobile/pull/17381,1,1,1,0,1,0,0,0,0,0,0
https://github.com/MetaMask/metamask-mobile/pull/17387,1,1,1,0,1,0,0,0,0,0,0
https://github.com/MihanEntalpo/cryptboard.io/pull/88,1,84,83,1,0,0,0,1,0,0,83
https://github.com/MihanEntalpo/cryptboard.io/pull/89,1,595,591,4,0,2,0,4,0,0,591
https://github.com/MihanEntalpo/cryptboard.io/pull/90,1,7,7,0,0,0,0,0,0,0,7
https://github.com/MontrealAI/AGI-Alpha-Agent-v0/pull/1025,1,20,20,0,0,0,0,0,0,0,20
https://github.com/MontrealAI/AGI-Alpha-Agent-v0/pull/1318,1,3,3,0,0,0,0,0,0,0,3
https://github.com/MontrealAI/AGI-Alpha-Agent-v0/pull/1320,2,4,4,0,0,0,0,0,0,0,4
https://github.com/MontrealAI/AGI-Alpha-Agent-v0/pull/1321,3,4,4,0,0,0,0,0,0,0,4
https://github.com/MontrealAI/AGI-Alpha-Agent-v0/pull/1322,3,2,2,0,0,0,0,0,0,0,2
https://github.com/MontrealAI/AGI-Alpha-Agent-v0/pull/1323,2,6,6,0,0,0,0,0,0,0,6
https://github.com/MontrealAI/AGI-Alpha-Agent-v0/pull/1324,6,4,4,0,0,0,0,0,0,0,4
https://github.com/MontrealAI/AGI-Alpha-Agent-v0/pull/1325,1,8,8,0,0,0,0,0,0,0,8
https://github.com/MontrealAI/AGI-Alpha-Agent-v0/pull/1326,1,0,0,0,0,0,0,0,0,0,0
https://github.com/MontrealAI/AGI-Alpha-Agent-v0/pull/1328,3,8,8,0,0,0,0,0,0,0,8
https://github.com/MontrealAI/AGI-Alpha-Agent-v0/pull/1329,1,5,5,0,0,0,0,0,0,0,5
https://github.com/MontrealAI/AGI-Alpha-Agent-v0/pull/1331,3,13,13,0,0,0,0,0,0,0,13
https://github.com/MontrealAI/AGI-Alpha-Agent-v0/pull/1332,3,4,4,0,0,0,0,0,0,0,4
https://github.com/MontrealAI/AGI-Alpha-Agent-v0/pull/1334,2,77,77,0,0,0,0,0,0,0,77
https://github.com/MontrealAI/AGI-Alpha-Agent-v0/pull/1336,3,89,89,0,0,0,0,0,0,0,89
https://github.com/MontrealAI/AGI-Alpha-Agent-v0/pull/1337,1,5,5,0,0,0,0,0,0,0,5
https://github.com/MontrealAI/AGI-Alpha-Agent-v0/pull/1338,1,3,3,0,0,0,0,0,0,0,3
https://github.com/MontrealAI/AGI-Alpha-Agent-v0/pull/1339,2,9,9,0,0,0,0,0,0,0,9
https://github.com/MontrealAI/AGI-Alpha-Agent-v0/pull/1344,3,9,9,0,0,0,0,0,0,0,9
https://github.com/MontrealAI/AGI-Alpha-Agent-v0/pull/1345,3,106,106,0,0,0,0,0,0,0,106
https://github.com/MontrealAI/AGI-Alpha-Agent-v0/pull/1346,3,104,104,0,0,0,0,0,0,0,104
https://github.com/MontrealAI/AGI-Alpha-Agent-v0/pull/1347,2,5,5,0,0,0,0,0,0,0,5
https://github.com/MontrealAI/AGI-Alpha-Agent-v0/pull/1349,2,109,109,0,0,0,0,0,0,0,109
https://github.com/MontrealAI/AGI-Alpha-Agent-v0/pull/1350,2,5,4,1,0,0,1,0,0,0,4
https://github.com/MontrealAI/AGI-Alpha-Agent-v0/pull/1356,2,9,9,0,0,0,0,0,0,0,9
https://github.com/MontrealAI/AGI-Alpha-Agent-v0/pull/1357,1,109,109,0,0,0,0,0,0,0,109
https://github.com/MontrealAI/AGI-Alpha-Agent-v0/pull/1358,2,5,5,0,0,0,0,0,0,0,5
https://github.com/MontrealAI/AGI-Alpha-Agent-v0/pull/1360,2,6,6,0,0,0,0,0,0,0,6
https://github.com/MontrealAI/AGI-Alpha-Agent-v0/pull/1361,1,5,5,0,0,0,0,0,0,0,5
https://github.com/MontrealAI/AGI-Alpha-Agent-v0/pull/1363,1,7,7,0,0,0,0,0,0,0,7
https://github.com/MontrealAI/AGI-Alpha-Agent-v0/pull/1364,1,5,5,0,0,0,0,0,0,0,5
https://github.com/MontrealAI/AGI-Alpha-Agent-v0/pull/1366,4,126,126,0,0,0,0,0,0,0,126
https://github.com/MontrealAI/AGI-Alpha-Agent-v0/pull/1367,1,118,118,0,0,0,0,0,0,0,118
https://github.com/MontrealAI/AGI-Alpha-Agent-v0/pull/1369,1,8,8,0,0,0,0,0,0,0,8
https://github.com/MontrealAI/AGI-Alpha-Agent-v0/pull/1370,4,12,12,0,0,0,0,0,0,0,12
https://github.com/MontrealAI/AGI-Alpha-Agent-v0/pull/1371,1,8,8,0,0,0,0,0,0,0,8
https://github.com/MontrealAI/AGI-Alpha-Agent-v0/pull/1373,1,1,1,0,0,0,0,0,0,0,1
https://github.com/MontrealAI/AGI-Alpha-Agent-v0/pull/1374,1,8,8,0,0,0,0,0,0,0,8
https://github.com/MontrealAI/AGI-Alpha-Agent-v0/pull/1377,1,0,0,0,0,0,0,0,0,0,0
https://github.com/MontrealAI/AGI-Alpha-Agent-v0/pull/1378,1,2,2,0,0,0,0,0,0,0,2
https://github.com/MontrealAI/AGI-Alpha-Agent-v0/pull/1380,2,17,17,0,0,0,0,0,0,0,17
https://github.com/MontrealAI/AGI-Alpha-Agent-v0/pull/1381,3,21,21,0,0,0,0,0,0,0,21
https://github.com/MontrealAI/AGI-Alpha-Agent-v0/pull/1383,1,0,0,0,0,0,0,0,0,0,0
https://github.com/MontrealAI/AGI-Alpha-Agent-v0/pull/1384,4,30,30,0,0,0,0,0,0,0,30
https://github.com/MontrealAI/AGI-Alpha-Agent-v0/pull/1385,3,23,23,0,0,0,0,0,0,0,23
https://github.com/MontrealAI/AGI-Alpha-Agent-v0/pull/1387,4,3,3,0,0,0,0,0,0,0,3
https://github.com/MontrealAI/AGI-Alpha-Agent-v0/pull/1388,2,19,19,0,1,0,0,0,0,0,18
https://github.com/MontrealAI/AGI-Alpha-Agent-v0/pull/1389,3,29,29,0,1,0,0,0,0,0,28
https://github.com/MontrealAI/AGI-Alpha-Agent-v0/pull/1390,1,1,1,0,1,0,0,0,0,0,0
https://github.com/MontrealAI/AGI-Alpha-Agent-v0/pull/1392,1,15,15,0,0,0,0,0,0,0,15
https://github.com/MontrealAI/AGI-Alpha-Agent-v0/pull/1394,2,18,18,0,1,0,0,0,0,0,17
https://github.com/MontrealAI/AGI-Alpha-Agent-v0/pull/1395,2,66,66,0,0,0,0,0,0,0,66
https://github.com/MontrealAI/AGI-Alpha-Agent-v0/pull/1396,2,63,63,0,0,0,0,0,0,0,63
https://github.com/MontrealAI/AGI-Alpha-Agent-v0/pull/1397,5,102,102,0,0,0,0,0,0,0,102
https://github.com/MontrealAI/AGI-Alpha-Agent-v0/pull/1398,3,43,43,0,0,0,0,0,0,0,43
https://github.com/MontrealAI/AGI-Alpha-Agent-v0/pull/1399,1,15,15,0,0,0,0,0,0,0,15
https://github.com/MontrealAI/AGI-Alpha-Agent-v0/pull/1400,2,17,17,0,0,0,0,0,0,0,17
https://github.com/MontrealAI/AGI-Alpha-Agent-v0/pull/1403,1,17,17,0,0,0,0,0,0,0,17
https://github.com/MontrealAI/AGI-Alpha-Agent-v0/pull/1404,7,80,80,0,0,0,0,0,0,0,80
https://github.com/MontrealAI/AGI-Alpha-Agent-v0/pull/1405,6,32,32,0,0,0,0,0,0,0,32
https://github.com/MontrealAI/AGI-Alpha-Agent-v0/pull/1406,2,9,8,1,1,0,0,1,0,0,7
https://github.com/MontrealAI/AGI-Alpha-Agent-v0/pull/1407,2,84,84,0,0,0,0,0,0,0,84
https://github.com/MontrealAI/AGI-Alpha-Agent-v0/pull/1408,1,2,2,0,0,0,0,0,0,0,2
https://github.com/MontrealAI/AGI-Alpha-Agent-v0/pull/1410,4,67,67,0,0,0,0,0,0,0,67
https://github.com/MontrealAI/AGI-Alpha-Agent-v0/pull/1411,6,91,91,0,1,0,0,0,0,0,90
https://github.com/MontrealAI/AGI-Alpha-Agent-v0/pull/1412,3,50,50,0,0,0,0,0,0,0,50
https://github.com/MontrealAI/AGI-Alpha-Agent-v0/pull/1416,1,17,17,0,0,0,0,0,0,0,17
https://github.com/MontrealAI/AGI-Alpha-Agent-v0/pull/1417,5,126,126,0,0,0,0,0,0,0,126
https://github.com/MontrealAI/AGI-Alpha-Agent-v0/pull/1418,1,26,26,0,0,0,0,0,0,0,26
https://github.com/MontrealAI/AGI-Alpha-Agent-v0/pull/1419,6,50,50,0,0,0,0,0,0,0,50
https://github.com/MontrealAI/AGI-Alpha-Agent-v0/pull/1421,1,10,10,0,0,0,0,0,0,0,10
https://github.com/MontrealAI/AGI-Alpha-Agent-v0/pull/1422,1,18,18,0,0,0,0,0,0,0,18
https://github.com/MontrealAI/AGI-Alpha-Agent-v0/pull/1423,1,16,16,0,0,0,0,0,0,0,16
https://github.com/MontrealAI/AGI-Alpha-Agent-v0/pull/1425,2,75,75,0,0,0,0,0,0,0,75
https://github.com/MontrealAI/AGI-Alpha-Agent-v0/pull/1426,1,16,16,0,0,0,0,0,0,0,16
https://github.com/MontrealAI/AGI-Alpha-Agent-v0/pull/1428,1,11,11,0,0,0,0,0,0,0,11
https://github.com/MontrealAI/AGI-Alpha-Agent-v0/pull/1429,1,8,8,0,0,0,0,0,0,0,8
https://github.com/MontrealAI/AGI-Alpha-Agent-v0/pull/1430,1,16,16,0,0,0,0,0,0,0,16
https://github.com/MontrealAI/AGI-Alpha-Agent-v0/pull/1431,4,76,76,0,1,0,0,0,0,0,75
https://github.com/MontrealAI/AGI-Alpha-Agent-v0/pull/1432,1,18,18,0,0,0,0,0,0,0,18
https://github.com/MontrealAI/AGI-Alpha-Agent-v0/pull/1433,1,18,18,0,0,0,0,0,0,0,18
https://github.com/MontrealAI/AGI-Alpha-Agent-v0/pull/1436,1,0,0,0,0,0,0,0,0,0,0
https://github.com/MontrealAI/AGI-Alpha-Agent-v0/pull/1437,1,22,22,0,0,0,0,0,0,0,22
https://github.com/MontrealAI/AGI-Alpha-Agent-v0/pull/1439,1,23,23,0,0,0,0,0,0,0,23
https://github.com/MontrealAI/AGI-Alpha-Agent-v0/pull/1442,1,23,23,0,0,0,0,0,0,0,23
https://github.com/MontrealAI/AGI-Alpha-Agent-v0/pull/1445,1,0,0,0,0,0,0,0,0,0,0
https://github.com/MontrealAI/AGI-Alpha-Agent-v0/pull/1452,1,11,11,0,0,0,0,0,0,0,11
https://github.com/MontrealAI/AGI-Alpha-Agent-v0/pull/1454,4,102,102,0,0,0,0,0,0,0,102
https://github.com/MontrealAI/AGI-Alpha-Agent-v0/pull/1455,1,5,5,0,0,0,0,0,0,0,5
https://github.com/MontrealAI/AGI-Alpha-Agent-v0/pull/1456,1,20,20,0,0,0,0,0,0,0,20
https://github.com/MontrealAI/AGI-Alpha-Agent-v0/pull/1457,2,11,11,0,0,0,0,0,0,0,11
https://github.com/MontrealAI/AGI-Alpha-Agent-v0/pull/1458,3,26,26,0,1,0,0,0,0,0,25
https://github.com/MontrealAI/AGI-Alpha-Agent-v0/pull/1459,3,31,31,0,0,0,0,0,0,0,31
https://github.com/MontrealAI/AGI-Alpha-Agent-v0/pull/1463,2,24,24,0,1,0,0,0,0,0,23
https://github.com/MontrealAI/AGI-Alpha-Agent-v0/pull/1464,4,43,43,0,0,0,0,0,0,0,43
https://github.com/MontrealAI/AGI-Alpha-Agent-v0/pull/1465,1,25,25,0,0,0,0,0,0,0,25
https://github.com/MontrealAI/AGI-Alpha-Agent-v0/pull/1466,10,52,51,1,0,0,1,0,0,0,51
https://github.com/MontrealAI/AGI-Alpha-Agent-v0/pull/1467,3,92,92,0,0,0,0,0,0,0,92
https://github.com/MontrealAI/AGI-Alpha-Agent-v0/pull/1468,2,89,89,0,0,0,0,0,0,0,89
https://github.com/MontrealAI/AGI-Alpha-Agent-v0/pull/1470,1,25,25,0,0,0,0,0,0,0,25
https://github.com/MontrealAI/AGI-Alpha-Agent-v0/pull/1472,1,26,25,1,0,0,0,1,0,0,25
https://github.com/MontrealAI/AGI-Alpha-Agent-v0/pull/1473,1,26,25,1,0,0,0,1,0,0,25
https://github.com/MontrealAI/AGI-Alpha-Agent-v0/pull/1476,1,10,10,0,0,0,0,0,0,0,10
https://github.com/MontrealAI/AGI-Alpha-Agent-v0/pull/1477,2,84,84,0,0,0,0,0,0,0,84
https://github.com/MontrealAI/AGI-Alpha-Agent-v0/pull/1480,2,21,21,0,0,0,0,0,0,0,21
https://github.com/MontrealAI/AGI-Alpha-Agent-v0/pull/1481,1,0,0,0,0,0,0,0,0,0,0
https://github.com/MontrealAI/AGI-Alpha-Agent-v0/pull/1482,3,16,16,0,0,0,0,0,0,0,16
https://github.com/MontrealAI/AGI-Alpha-Agent-v0/pull/1483,3,43,43,0,0,0,0,0,0,0,43
https://github.com/MontrealAI/AGI-Alpha-Agent-v0/pull/1484,2,25,25,0,0,0,0,0,0,0,25
https://github.com/MontrealAI/AGI-Alpha-Agent-v0/pull/1486,3,28,27,1,0,0,1,0,0,0,27
https://github.com/MontrealAI/AGI-Alpha-Agent-v0/pull/1489,4,78,78,0,0,0,0,0,0,0,78
https://github.com/MontrealAI/AGI-Alpha-Agent-v0/pull/1495,1,4,4,0,0,0,0,0,0,0,4
https://github.com/MontrealAI/AGI-Alpha-Agent-v0/pull/1496,3,104,104,0,0,0,0,0,0,0,104
https://github.com/MontrealAI/AGI-Alpha-Agent-v0/pull/1497,2,74,74,0,1,0,0,0,0,0,73
https://github.com/MontrealAI/AGI-Alpha-Agent-v0/pull/1498,2,21,21,0,0,0,0,0,0,0,21
https://github.com/MontrealAI/AGI-Alpha-Agent-v0/pull/1499,1,21,21,0,0,0,0,0,0,0,21
https://github.com/MontrealAI/AGI-Alpha-Agent-v0/pull/1500,1,7,7,0,0,0,0,0,0,0,7
https://github.com/MontrealAI/AGI-Alpha-Agent-v0/pull/1502,2,78,78,0,1,0,0,0,0,0,77
https://github.com/MontrealAI/AGI-Alpha-Agent-v0/pull/1504,4,49,48,1,0,0,1,0,0,0,48
https://github.com/MontrealAI/AGI-Alpha-Agent-v0/pull/1507,2,88,88,0,0,0,0,0,0,0,88
https://github.com/MontrealAI/AGI-Alpha-Agent-v0/pull/1509,4,22,22,0,0,0,0,0,0,0,22
https://github.com/MontrealAI/AGI-Alpha-Agent-v0/pull/1510,1,21,21,0,0,0,0,0,0,0,21
https://github.com/MontrealAI/AGI-Alpha-Agent-v0/pull/1511,1,14,14,0,0,0,0,0,0,0,14
https://github.com/MontrealAI/AGI-Alpha-Agent-v0/pull/1512,1,23,23,0,0,0,0,0,0,0,23
https://github.com/MontrealAI/AGI-Alpha-Agent-v0/pull/1522,1,32,32,0,0,0,0,0,0,0,32
https://github.com/MontrealAI/AGI-Alpha-Agent-v0/pull/1523,2,33,33,0,0,0,0,0,0,0,33
https://github.com/MontrealAI/AGI-Alpha-Agent-v0/pull/1524,4,103,103,0,0,0,0,0,0,0,103
https://github.com/MontrealAI/AGI-Alpha-Agent-v0/pull/1526,4,54,54,0,0,0,0,0,0,0,54
https://github.com/MontrealAI/AGI-Alpha-Agent-v0/pull/1527,1,6,6,0,0,0,0,0,0,0,6
https://github.com/MontrealAI/AGI-Alpha-Agent-v0/pull/1528,1,23,23,0,0,0,0,0,0,0,23
https://github.com/MontrealAI/AGI-Alpha-Agent-v0/pull/1529,2,24,24,0,0,0,0,0,0,0,24
https://github.com/MontrealAI/AGI-Alpha-Agent-v0/pull/1530,2,82,82,0,1,0,0,0,0,0,81
https://github.com/MontrealAI/AGI-Alpha-Agent-v0/pull/1534,2,19,19,0,0,0,0,0,0,0,19
https://github.com/MontrealAI/AGI-Alpha-Agent-v0/pull/1536,1,19,19,0,0,0,0,0,0,0,19
https://github.com/MontrealAI/AGI-Alpha-Agent-v0/pull/1541,2,20,19,1,0,0,0,1,0,0,19
https://github.com/MontrealAI/AGI-Alpha-Agent-v0/pull/1544,1,1,1,0,0,0,0,0,0,0,1
https://github.com/MontrealAI/AGI-Alpha-Agent-v0/pull/1548,1,226,192,34,0,0,0,34,0,0,192
https://github.com/MontrealAI/AGI-Alpha-Agent-v0/pull/1553,2,1,1,0,0,0,0,0,0,0,1
https://github.com/MontrealAI/AGI-Alpha-Agent-v0/pull/1555,6,270,236,34,1,0,0,34,0,0,235
https://github.com/MontrealAI/AGI-Alpha-Agent-v0/pull/1556,7,256,222,34,0,0,0,34,0,0,222
https://github.com/MontrealAI/AGI-Alpha-Agent-v0/pull/1561,5,54,54,0,0,0,0,0,0,0,54
https://github.com/MontrealAI/AGI-Alpha-Agent-v0/pull/1562,1,2,2,0,0,0,0,0,0,0,2
https://github.com/MontrealAI/AGI-Alpha-Agent-v0/pull/1563,10,90,90,0,0,0,0,0,0,0,90
https://github.com/MontrealAI/AGI-Alpha-Agent-v0/pull/1575,1,24,24,0,0,0,0,0,0,0,24
https://github.com/MontrealAI/AGI-Alpha-Agent-v0/pull/1577,1,15,15,0,0,0,0,0,0,0,15
https://github.com/MontrealAI/AGI-Alpha-Agent-v0/pull/1582,1,26,26,0,0,0,0,0,0,0,26
https://github.com/MontrealAI/AGI-Alpha-Agent-v0/pull/1584,2,27,27,0,0,0,0,0,0,0,27
https://github.com/MontrealAI/AGI-Alpha-Agent-v0/pull/1588,2,83,83,0,1,0,0,0,0,0,82
https://github.com/MontrealAI/AGI-Alpha-Agent-v0/pull/1604,1,0,0,0,0,0,0,0,0,0,0
https://github.com/MontrealAI/AGI-Alpha-Agent-v0/pull/1606,1,3,3,0,0,0,0,0,0,0,3
https://github.com/MontrealAI/AGI-Alpha-Agent-v0/pull/1614,1,18,18,0,0,0,0,0,0,0,18
https://github.com/MontrealAI/AGI-Alpha-Agent-v0/pull/1621,1,0,0,0,0,0,0,0,0,0,0
https://github.com/MontrealAI/AGI-Alpha-Agent-v0/pull/1622,1,26,26,0,0,0,0,0,0,0,26
https://github.com/MontrealAI/AGI-Alpha-Agent-v0/pull/1624,1,2,2,0,0,0,0,0,0,0,2
https://github.com/MontrealAI/AGI-Alpha-Agent-v0/pull/1626,1,0,0,0,0,0,0,0,0,0,0
https://github.com/MontrealAI/AGI-Alpha-Agent-v0/pull/1629,1,26,26,0,0,0,0,0,0,0,26
https://github.com/MontrealAI/AGI-Alpha-Agent-v0/pull/1630,1,1,1,0,0,0,0,0,0,0,1
https://github.com/MontrealAI/AGI-Alpha-Agent-v0/pull/1631,1,32,32,0,0,0,0,0,0,0,32
https://github.com/MontrealAI/AGI-Alpha-Agent-v0/pull/1633,3,27,27,0,0,0,0,0,0,0,27
https://github.com/MontrealAI/AGI-Alpha-Agent-v0/pull/1636,1,35,35,0,0,0,0,0,0,0,35
https://github.com/MontrealAI/AGI-Alpha-Agent-v0/pull/1637,1,26,26,0,0,0,0,0,0,0,26
https://github.com/MontrealAI/AGI-Alpha-Agent-v0/pull/1640,1,10,10,0,0,0,0,0,0,0,10
https://github.com/MontrealAI/AGI-Alpha-Agent-v0/pull/1652,1,3,3,0,0,0,0,0,0,0,3
https://github.com/MontrealAI/AGI-Alpha-Agent-v0/pull/1655,2,90,90,0,0,0,0,0,0,0,90
https://github.com/MontrealAI/AGI-Alpha-Agent-v0/pull/1662,1,4,4,0,0,0,0,0,0,0,4
https://github.com/MontrealAI/AGI-Alpha-Agent-v0/pull/1664,1,26,26,0,0,0,0,0,0,0,26
https://github.com/MontrealAI/AGI-Alpha-Agent-v0/pull/1675,1,0,0,0,0,0,0,0,0,0,0
https://github.com/MontrealAI/AGI-Alpha-Agent-v0/pull/1678,1,1,1,0,1,0,0,0,0,0,0
https://github.com/MontrealAI/AGI-Alpha-Agent-v0/pull/1679,1,42,42,0,0,0,0,0,0,0,42
https://github.com/MontrealAI/AGI-Alpha-Agent-v0/pull/1684,1,83,83,0,0,0,0,0,0,0,83
https://github.com/MontrealAI/AGI-Alpha-Agent-v0/pull/1688,2,29,29,0,0,0,0,0,0,0,29
https://github.com/MontrealAI/AGI-Alpha-Agent-v0/pull/1696,2,15,15,0,0,0,0,0,0,0,15
https://github.com/MontrealAI/AGI-Alpha-Agent-v0/pull/1704,1,5,5,0,0,0,0,0,0,0,5
https://github.com/MontrealAI/AGI-Alpha-Agent-v0/pull/1707,1,75,75,0,0,0,0,0,0,0,75
https://github.com/MontrealAI/AGI-Alpha-Agent-v0/pull/1720,1,15,15,0,0,0,0,0,0,0,15
https://github.com/MontrealAI/AGI-Alpha-Agent-v0/pull/1723,1,10,10,0,0,0,0,0,0,0,10
https://github.com/MontrealAI/AGI-Alpha-Agent-v0/pull/1729,2,50,50,0,0,0,0,0,0,0,50
https://github.com/MontrealAI/AGI-Alpha-Agent-v0/pull/1734,1,10,10,0,0,0,0,0,0,0,10
https://github.com/MontrealAI/AGI-Alpha-Agent-v0/pull/1736,1,17,17,0,0,0,0,0,0,0,17
https://github.com/MontrealAI/AGI-Alpha-Agent-v0/pull/1745,1,6,6,0,0,0,0,0,0,0,6
https://github.com/MontrealAI/AGI-Alpha-Agent-v0/pull/2367,2,17,16,1,0,0,1,0,0,0,16
https://github.com/MontrealAI/AGI-Alpha-Agent-v0/pull/2368,6,469,401,68,1,0,0,68,0,0,400
https://github.com/MontrealAI/AGI-Alpha-Agent-v0/pull/2416,1,1,1,0,0,0,0,0,0,0,1
https://github.com/MontrealAI/AGI-Alpha-Agent-v0/pull/2447,5,15,15,0,0,0,0,0,0,0,15
https://github.com/MontrealAI/AGI-Alpha-Agent-v0/pull/2567,1,8,8,0,0,0,0,0,0,0,8
https://github.com/MontrealAI/AGI-Alpha-Agent-v0/pull/2571,1,8,8,0,0,0,0,0,0,0,8
https://github.com/MontrealAI/AGI-Alpha-Agent-v0/pull/2576,1,9,9,0,0,0,0,0,0,0,9
https://github.com/MontrealAI/AGI-Alpha-Agent-v0/pull/2593,2,24,24,0,0,0,0,0,0,0,24
https://github.com/MontrealAI/AGI-Alpha-Agent-v0/pull/26,1,4,4,0,0,0,0,0,0,0,4
https://github.com/MontrealAI/AGI-Alpha-Agent-v0/pull/2610,1,9,9,0,0,0,0,0,0,0,9
https://github.com/MontrealAI/AGI-Alpha-Agent-v0/pull/2629,1,15,15,0,0,0,0,0,0,0,15
https://github.com/MontrealAI/AGI-Alpha-Agent-v0/pull/2630,1,15,15,0,0,0,0,0,0,0,15
https://github.com/MontrealAI/AGI-Alpha-Agent-v0/pull/2632,1,8,8,0,0,0,0,0,0,0,8
https://github.com/MontrealAI/AGI-Alpha-Agent-v0/pull/2634,2,30,30,0,0,0,0,0,0,0,30
https://github.com/MontrealAI/AGI-Alpha-Agent-v0/pull/2651,2,19,19,0,0,0,0,0,0,0,19
https://github.com/MontrealAI/AGI-Alpha-Agent-v0/pull/2652,1,18,18,0,0,0,0,0,0,0,18
https://github.com/MontrealAI/AGI-Alpha-Agent-v0/pull/2654,1,19,19,0,0,0,0,0,0,0,19
https://github.com/MontrealAI/AGI-Alpha-Agent-v0/pull/2658,1,19,19,0,0,0,0,0,0,0,19
https://github.com/MontrealAI/AGI-Alpha-Agent-v0/pull/2671,1,19,19,0,0,0,0,0,0,0,19
https://github.com/MontrealAI/AGI-Alpha-Agent-v0/pull/2769,1,53,43,10,0,0,0,10,0,0,43
https://github.com/MontrealAI/AGI-Alpha-Agent-v0/pull/2772,23,138,138,0,0,0,0,0,0,0,138
https://github.com/MontrealAI/AGI-Alpha-Agent-v0/pull/2774,4,0,0,0,0,0,0,0,0,0,0
https://github.com/MontrealAI/AGI-Alpha-Agent-v0/pull/2775,1,0,0,0,0,0,0,0,0,0,0
https://github.com/MontrealAI/AGI-Alpha-Agent-v0/pull/2778,23,207,207,0,0,0,0,0,0,0,207
https://github.com/MontrealAI/AGI-Alpha-Agent-v0/pull/2791,24,292,292,0,0,0,0,0,0,0,292
https://github.com/MontrealAI/AGI-Alpha-Agent-v0/pull/2793,1,12,12,0,0,0,0,0,0,0,12
https://github.com/MontrealAI/AGI-Alpha-Agent-v0/pull/2796,1,14,14,0,0,0,0,0,0,0,14
https://github.com/MontrealAI/AGI-Alpha-Agent-v0/pull/2798,1,14,14,0,0,0,0,0,0,0,14
https://github.com/MontrealAI/AGI-Alpha-Agent-v0/pull/2801,2,14,14,0,0,0,0,0,0,0,14
https://github.com/MontrealAI/AGI-Alpha-Agent-v0/pull/2803,1,0,0,0,0,0,0,0,0,0,0
https://github.com/MontrealAI/AGI-Alpha-Agent-v0/pull/2804,1,0,0,0,0,0,0,0,0,0,0
https://github.com/MontrealAI/AGI-Alpha-Agent-v0/pull/2806,1,14,14,0,0,0,0,0,0,0,14
https://github.com/MontrealAI/AGI-Alpha-Agent-v0/pull/2807,1,0,0,0,0,0,0,0,0,0,0
https://github.com/MontrealAI/AGI-Alpha-Agent-v0/pull/2809,1,14,14,0,0,0,0,0,0,0,14
https://github.com/MontrealAI/AGI-Alpha-Agent-v0/pull/2819,1,0,0,0,0,0,0,0,0,0,0
https://github.com/MontrealAI/AGI-Alpha-Agent-v0/pull/2834,1,14,14,0,0,0,0,0,0,0,14
https://github.com/MontrealAI/AGI-Alpha-Agent-v0/pull/2837,2,24,24,0,0,0,0,0,0,0,24
https://github.com/MontrealAI/AGI-Alpha-Agent-v0/pull/2839,44,86,43,43,0,0,43,0,0,0,43
https://github.com/MontrealAI/AGI-Alpha-Agent-v0/pull/2842,1,24,24,0,0,0,0,0,0,0,24
https://github.com/MontrealAI/AGI-Alpha-Agent-v0/pull/2843,1,1,1,0,1,0,0,0,0,0,0
https://github.com/MontrealAI/AGI-Alpha-Agent-v0/pull/2853,1,14,14,0,0,0,0,0,0,0,14
https://github.com/MontrealAI/AGI-Alpha-Agent-v0/pull/2865,23,46,23,23,0,0,23,0,0,0,23
https://github.com/MontrealAI/AGI-Alpha-Agent-v0/pull/2933,1,23,23,0,0,0,0,0,0,0,23
https://github.com/MontrealAI/AGI-Alpha-Agent-v0/pull/2942,1,24,24,0,0,0,0,0,0,0,24
https://github.com/MontrealAI/AGI-Alpha-Agent-v0/pull/2966,1,0,0,0,0,0,0,0,0,0,0
https://github.com/MontrealAI/AGI-Alpha-Agent-v0/pull/2971,1,24,24,0,0,0,0,0,0,0,24
https://github.com/MontrealAI/AGI-Alpha-Agent-v0/pull/2972,1,14,14,0,0,0,0,0,0,0,14
https://github.com/MontrealAI/AGI-Alpha-Agent-v0/pull/2973,1,14,14,0,0,0,0,0,0,0,14
https://github.com/MontrealAI/AGI-Alpha-Agent-v0/pull/2976,1,0,0,0,0,0,0,0,0,0,0
https://github.com/MontrealAI/AGI-Alpha-Agent-v0/pull/2987,2,0,0,0,0,0,0,0,0,0,0
https://github.com/MontrealAI/AGI-Alpha-Agent-v0/pull/2999,1,8,8,0,0,0,0,0,0,0,8
https://github.com/MontrealAI/AGI-Alpha-Agent-v0/pull/3001,1,0,0,0,0,0,0,0,0,0,0
https://github.com/MontrealAI/AGI-Alpha-Agent-v0/pull/3007,2,8,8,0,0,0,0,0,0,0,8
https://github.com/MontrealAI/AGI-Alpha-Agent-v0/pull/3009,3,76,76,0,0,0,0,0,0,0,76
https://github.com/MontrealAI/AGI-Alpha-Agent-v0/pull/3010,4,36,36,0,0,0,0,0,0,0,36
https://github.com/MontrealAI/AGI-Alpha-Agent-v0/pull/3015,1,0,0,0,0,0,0,0,0,0,0
https://github.com/MontrealAI/AGI-Alpha-Agent-v0/pull/3016,1,14,14,0,0,0,0,0,0,0,14
https://github.com/MontrealAI/AGI-Alpha-Agent-v0/pull/3025,1,0,0,0,0,0,0,0,0,0,0
https://github.com/MontrealAI/AGI-Alpha-Agent-v0/pull/3029,1,0,0,0,0,0,0,0,0,0,0
https://github.com/MontrealAI/AGI-Alpha-Agent-v0/pull/3032,1,0,0,0,0,0,0,0,0,0,0
https://github.com/MontrealAI/AGI-Alpha-Agent-v0/pull/3033,1,0,0,0,0,0,0,0,0,0,0
https://github.com/MontrealAI/AGI-Alpha-Agent-v0/pull/3073,1,0,0,0,0,0,0,0,0,0,0
https://github.com/MontrealAI/AGI-Alpha-Agent-v0/pull/3093,1,14,14,0,0,0,0,0,0,0,14
https://github.com/MontrealAI/AGI-Alpha-Agent-v0/pull/3119,1,14,14,0,0,0,0,0,0,0,14
https://github.com/MontrealAI/AGI-Alpha-Agent-v0/pull/3136,22,44,22,22,0,0,22,0,0,0,22
https://github.com/MontrealAI/AGI-Alpha-Agent-v0/pull/3180,3,38,38,0,0,0,0,0,0,0,38
https://github.com/MontrealAI/AGI-Alpha-Agent-v0/pull/3182,3,0,0,0,0,0,0,0,0,0,0
https://github.com/MontrealAI/AGI-Alpha-Agent-v0/pull/3418,16,166,166,0,1,0,0,0,0,0,165
https://github.com/MontrealAI/AGI-Alpha-Agent-v0/pull/3419,1,1,1,0,0,0,0,0,0,0,1
https://github.com/MontrealAI/AGI-Alpha-Agent-v0/pull/3425,2,1,1,0,0,0,0,0,0,0,1
https://github.com/MontrealAI/AGI-Alpha-Agent-v0/pull/3429,2,47,47,0,0,0,0,0,0,0,47
https://github.com/MontrealAI/AGI-Alpha-Agent-v0/pull/3452,1,46,46,0,0,0,0,0,0,0,46
https://github.com/MontrealAI/AGI-Alpha-Agent-v0/pull/3458,1,3,3,0,0,0,0,0,0,0,3
https://github.com/MontrealAI/AGI-Alpha-Agent-v0/pull/3461,1,2,2,0,0,0,0,0,0,0,2
https://github.com/MontrealAI/AGI-Alpha-Agent-v0/pull/3465,1,3,3,0,0,0,0,0,0,0,3
https://github.com/MontrealAI/AGI-Alpha-Agent-v0/pull/3466,1,3,3,0,0,0,0,0,0,0,3
https://github.com/MontrealAI/AGI-Alpha-Agent-v0/pull/3467,1,3,3,0,0,0,0,0,0,0,3
https://github.com/MontrealAI/AGI-Alpha-Agent-v0/pull/3518,1,8,7,1,0,0,1,0,0,0,7
https://github.com/MontrealAI/AGI-Alpha-Agent-v0/pull/3560,2,52,52,0,0,0,0,0,0,0,52
https://github.com/MontrealAI/AGI-Alpha-Agent-v0/pull/3596,1,3,3,0,0,0,0,0,0,0,3
https://github.com/MontrealAI/AGI-Alpha-Agent-v0/pull/3597,1,3,3,0,0,0,0,0,0,0,3
https://github.com/MontrealAI/AGI-Alpha-Agent-v0/pull/3617,1,0,0,0,0,0,0,0,0,0,0
https://github.com/MontrealAI/AGI-Alpha-Agent-v0/pull/3619,1,14,14,0,0,0,0,0,0,0,14
https://github.com/MontrealAI/AGI-Alpha-Agent-v0/pull/3622,1,0,0,0,0,0,0,0,0,0,0
https://github.com/MontrealAI/AGI-Alpha-Agent-v0/pull/3631,1,0,0,0,0,0,0,0,0,0,0
https://github.com/MontrealAI/AGI-Alpha-Agent-v0/pull/3633,1,0,0,0,0,0,0,0,0,0,0
https://github.com/MontrealAI/AGI-Alpha-Agent-v0/pull/3642,1,0,0,0,0,0,0,0,0,0,0
https://github.com/MontrealAI/AGI-Alpha-Agent-v0/pull/3651,2,23,23,0,0,0,0,0,0,0,23
https://github.com/MontrealAI/AGI-Alpha-Agent-v0/pull/3655,1,23,23,0,0,0,0,0,0,0,23
https://github.com/MontrealAI/AGI-Alpha-Agent-v0/pull/3663,2,29,29,0,0,0,0,0,0,0,29
https://github.com/MontrealAI/AGI-Alpha-Agent-v0/pull/3668,1,23,23,0,0,0,0,0,0,0,23
https://github.com/MontrealAI/AGI-Alpha-Agent-v0/pull/3677,1,23,23,0,0,0,0,0,0,0,23
https://github.com/MontrealAI/AGI-Alpha-Agent-v0/pull/3678,1,23,23,0,0,0,0,0,0,0,23
https://github.com/MontrealAI/AGI-Alpha-Agent-v0/pull/3688,2,28,28,0,0,0,0,0,0,0,28
https://github.com/MontrealAI/AGI-Alpha-Agent-v0/pull/3729,1,23,23,0,0,0,0,0,0,0,23
https://github.com/MontrealAI/AGI-Alpha-Agent-v0/pull/3739,1,901,763,138,0,0,0,138,0,0,763
https://github.com/MontrealAI/AGI-Alpha-Agent-v0/pull/762,1,10,10,0,0,0,0,0,0,0,10
https://github.com/MontrealAI/AGI-Alpha-Agent-v0/pull/776,1,18,18,0,0,0,0,0,0,0,18
https://github.com/MontrealAI/AGI-Alpha-Agent-v0/pull/784,6,5,0,5,0,0,0,0,0,0,0
https://github.com/MontrealAI/AGI-Alpha-Agent-v0/pull/807,4,4,0,4,0,0,0,0,0,0,0
https://github.com/MontrealAI/AGI-Alpha-Agent-v0/pull/856,1,9,9,0,0,0,0,0,0,0,9
https://github.com/MontrealAI/AGI-Alpha-Agent-v0/pull/891,1,20,20,0,0,0,0,0,0,0,20
https://github.com/MontrealAI/AGI-Alpha-Agent-v0/pull/900,1,11,11,0,0,0,0,0,0,0,11
https://github.com/MontrealAI/AGI-Alpha-Agent-v0/pull/955,1,9,9,0,0,0,0,0,0,0,9
https://github.com/MontrealAI/AGI-Alpha-Agent-v0/pull/972,1,32,32,0,0,0,0,0,0,0,32
https://github.com/MontrealAI/AGI-Alpha-Agent-v0/pull/992,1,4,4,0,0,0,0,0,0,0,4
https://github.com/MontrealAI/AGI-Alpha-Agent-v0/pull/993,4,49,49,0,0,0,0,0,0,0,49
https://github.com/NUWCDIVNPT/stig-manager/pull/1689,1,714,714,0,0,0,0,0,0,0,714
https://github.com/NUWCDIVNPT/stig-manager/pull/1690,2,232,230,2,0,0,0,2,0,0,230
https://github.com/NUWCDIVNPT/stig-manager/pull/1699,1,72,72,0,0,0,0,0,0,0,72
https://github.com/NethermindEth/starknet.go/pull/707,1,1,1,0,1,0,0,0,0,0,0
https://github.com/OneKeyHQ/app-monorepo/pull/6756,1,1,1,0,0,0,0,0,0,0,1
https://github.com/OpenAgentsInc/openagents/pull/987,7,369,276,93,0,8,0,93,0,0,276
https://github.com/OpenSprinkler/OpenSprinkler-App/pull/231,1,15,1,14,0,0,0,14,0,0,1
https://github.com/OpenSprinkler/OpenSprinkler-App/pull/233,2,7,5,2,0,0,0,2,0,0,5
https://github.com/OpenSprinkler/OpenSprinkler-App/pull/251,1,48,40,8,0,0,0,8,0,0,40
https://github.com/OpenSprinkler/OpenSprinkler-App/pull/253,2,63,49,14,0,0,0,14,0,0,49
https://github.com/OpenSprinkler/OpenSprinkler-App/pull/255,2,20,20,0,0,0,0,0,0,0,20
https://github.com/OpenSprinkler/OpenSprinkler-App/pull/264,4,35,28,7,0,0,0,7,0,0,28
https://github.com/PrismarineJS/node-minecraft-data/pull/401,1,34,34,0,0,0,0,0,0,0,34
https://github.com/PromtEngineer/localGPT/pull/848,1,11,11,0,0,0,0,0,0,0,11
https://github.com/PyLabRobot/pylabrobot/pull/537,1,82,80,2,0,0,0,2,0,0,80
https://github.com/ReactiveCircus/android-emulator-runner/pull/436,1,24,23,1,0,0,0,1,0,0,23
https://github.com/Rello/analytics/pull/445,1,85,83,2,0,0,0,2,0,0,83
https://github.com/Rello/analytics/pull/448,3,1437,1434,3,0,0,0,3,0,0,1434
https://github.com/Rello/analytics/pull/452,1,257,255,2,0,0,0,2,0,0,255
https://github.com/Rello/analytics/pull/453,1,257,255,2,0,0,0,2,0,0,255
https://github.com/Rello/analytics/pull/454,1,257,255,2,0,0,0,2,0,0,255
https://github.com/Rello/analytics/pull/455,1,257,255,2,0,0,0,2,0,0,255
https://github.com/Rello/analytics/pull/456,1,257,255,2,0,0,0,2,0,0,255
https://github.com/Rello/analytics/pull/457,1,287,285,2,0,0,0,2,0,0,285
https://github.com/Rello/analytics/pull/458,1,284,282,2,0,0,0,2,0,0,282
https://github.com/Rello/analytics/pull/460,7,1254,1244,10,0,0,0,10,0,0,1244
https://github.com/Rello/analytics/pull/461,2,151,147,4,0,0,0,4,0,0,147
https://github.com/Rello/analytics/pull/462,1,288,286,2,0,0,0,2,0,0,286
https://github.com/Rello/analytics/pull/463,1,105,103,2,0,0,0,2,0,0,103
https://github.com/Rello/analytics/pull/464,7,1316,1305,11,0,0,0,11,0,0,1305
https://github.com/Rello/analytics/pull/465,1,113,110,3,0,0,0,3,0,0,110
https://github.com/Rello/analytics/pull/466,2,178,173,5,0,0,0,5,0,0,173
https://github.com/Rello/analytics/pull/467,1,112,109,3,0,0,0,3,0,0,109
https://github.com/Rello/analytics/pull/468,1,447,444,3,0,0,0,3,0,0,444
https://github.com/Rello/analytics/pull/469,1,327,325,2,0,0,0,2,0,0,325
https://github.com/Rello/analytics/pull/470,1,329,327,2,0,0,0,2,0,0,327
https://github.com/Rello/analytics/pull/472,2,328,326,2,0,0,0,2,0,0,326
https://github.com/Rello/analytics/pull/474,2,840,836,4,0,0,0,4,0,0,836
https://github.com/Rello/analytics/pull/475,1,124,120,4,0,0,0,4,0,0,120
https://github.com/Rello/analytics/pull/477,1,703,703,0,0,0,0,0,0,0,703
https://github.com/Rello/analytics/pull/479,1,716,716,0,0,0,0,0,0,0,716
https://github.com/Rello/analytics/pull/482,1,392,391,1,0,0,0,1,0,0,391
https://github.com/Rello/analytics/pull/483,3,523,515,8,0,0,0,8,0,0,515
https://github.com/Rello/analytics/pull/484,1,397,396,1,0,0,0,1,0,0,396
https://github.com/Rello/analytics/pull/485,1,333,331,2,0,0,0,2,0,0,331
https://github.com/Rello/analytics/pull/486,1,723,723,0,0,0,0,0,0,0,723
https://github.com/Rello/analytics/pull/488,1,740,740,0,0,0,0,0,0,0,740
https://github.com/Rello/analytics/pull/493,1,232,231,1,0,0,0,1,0,0,231
https://github.com/Rello/analytics/pull/495,1,76,74,2,0,0,0,2,0,0,74
https://github.com/Rello/analytics/pull/496,1,229,228,1,0,0,0,1,0,0,228
https://github.com/Rello/analytics/pull/497,1,232,231,1,0,0,0,1,0,0,231
https://github.com/Rello/analytics/pull/499,1,735,735,0,0,0,0,0,0,0,735
https://github.com/Rello/analytics/pull/500,2,964,963,1,0,0,0,1,0,0,963
https://github.com/Rello/analytics/pull/502,5,1456,1451,5,0,0,0,5,0,0,1451
https://github.com/Rello/analytics/pull/504,1,221,220,1,0,0,0,1,0,0,220
https://github.com/Rello/analytics/pull/505,1,224,223,1,0,0,0,1,0,0,223
https://github.com/Rello/analytics/pull/510,2,490,487,3,0,0,0,3,0,0,487
https://github.com/Rello/analytics/pull/511,5,1944,1940,4,0,0,0,4,0,0,1940
https://github.com/Rello/analytics/pull/517,2,867,866,1,0,0,0,1,0,0,866
https://github.com/Rello/analytics/pull/518,2,150,146,4,0,0,0,4,0,0,146
https://github.com/Rello/analytics/pull/522,1,308,308,0,0,0,0,0,0,0,308
https://github.com/Rello/analytics/pull/523,1,263,262,1,0,0,0,1,0,0,262
https://github.com/Rello/analytics/pull/524,1,260,259,1,0,0,0,1,0,0,259
https://github.com/Rello/analytics/pull/529,1,8,8,0,0,0,0,0,0,0,8
https://github.com/Rello/analytics/pull/530,2,229,223,6,0,0,0,6,0,0,223
https://github.com/Rello/analytics/pull/531,3,1317,1311,6,0,0,0,6,0,0,1311
https://github.com/Rello/analytics/pull/533,2,998,996,2,0,0,0,2,0,0,996
https://github.com/Rello/audioplayer/pull/617,5,152,152,0,0,0,0,0,0,0,152
https://github.com/Rello/audioplayer/pull/620,3,280,278,2,2,0,0,2,0,0,276
https://github.com/Rello/audioplayer/pull/621,2,364,361,3,0,0,0,3,0,0,361
https://github.com/Rello/audioplayer/pull/622,1,80,80,0,0,0,0,0,0,0,80
https://github.com/Rello/audioplayer/pull/623,1,111,111,0,0,0,0,0,0,0,111
https://github.com/Rello/audioplayer/pull/624,1,268,266,2,0,0,0,2,0,0,266
https://github.com/Rello/audioplayer/pull/626,1,134,134,0,0,0,0,0,0,0,134
https://github.com/Rello/audioplayer/pull/627,2,118,118,0,1,0,0,0,0,0,117
https://github.com/Rello/audioplayer/pull/629,1,270,268,2,0,0,0,2,0,0,268
https://github.com/Rello/audioplayer/pull/631,2,415,412,3,0,0,0,3,0,0,412
https://github.com/Rello/audioplayer/pull/635,1,146,145,1,0,0,0,1,0,0,145
https://github.com/Retronator/Pixel-Art-Academy/pull/120,1,2,2,0,0,0,0,0,0,0,2
https://github.com/RooCodeInc/Roo-Code/pull/4983,1,23,23,0,0,0,0,0,0,0,23
https://github.com/SNGWN/Mobile-PT/pull/1,7,379,379,0,0,0,0,0,0,0,379
https://github.com/SNGWN/Mobile-PT/pull/2,3,3,3,0,3,0,0,0,0,0,0
https://github.com/SchemaStore/schemastore/pull/4787,1,94,90,4,0,0,0,4,0,0,90
https://github.com/Shelf-nu/shelf.nu/pull/1905,1,0,0,0,0,0,0,0,0,0,0
https://github.com/Sls0n/Prismify/pull/39,1,1,1,0,0,0,0,0,0,0,1
https://github.com/SwitchbackTech/compass/pull/484,1,17,17,0,0,0,0,0,0,0,17
https://github.com/Valour-Software/Valour/pull/1247,1,2,2,0,0,0,0,0,0,0,2
https://github.com/Valour-Software/Valour/pull/1248,1,2,2,0,0,0,0,0,0,0,2
https://github.com/Valour-Software/Valour/pull/1249,1,2,2,0,0,0,0,0,0,0,2
https://github.com/Veloera/Veloera/pull/111,1,1,1,0,1,0,0,0,0,0,0
https://github.com/Veloera/Veloera/pull/123,2,2,2,0,2,0,0,0,0,0,0
https://github.com/Veloera/Veloera/pull/91,2,2,2,0,2,0,0,0,0,0,0
https://github.com/VerisimilitudeX/DNAnalyzer/pull/527,2,35,35,0,0,0,0,0,0,0,35
https://github.com/Zaki-1052/GPTPortal/pull/35,1,7,7,0,0,0,0,0,0,0,7
https://github.com/Zaki-1052/GPTPortal/pull/36,6,88,88,0,1,0,0,0,0,0,87
https://github.com/abhayprasanna/abhayprasanna.github.io/pull/20,1,12,12,0,0,0,0,0,0,0,12
https://github.com/adrgs/requestrepo/pull/64,10,89,85,4,0,0,0,0,0,0,85
https://github.com/ai-shifu/ai-shifu/pull/320,4,49,49,0,0,0,0,0,0,0,49
https://github.com/airbytehq/airbyte/pull/52143,1,4,4,0,0,0,0,0,0,0,4
https://github.com/airbytehq/airbyte/pull/52636,3,32,32,0,0,0,0,0,0,0,32
https://github.com/airbytehq/airbyte/pull/53235,1,7,7,0,0,0,0,0,0,0,7
https://github.com/airbytehq/airbyte/pull/55781,1,11,11,0,0,0,0,0,0,0,11
https://github.com/airbytehq/airbyte/pull/56424,1,1,0,1,0,0,0,0,0,0,0
https://github.com/airbytehq/airbyte/pull/56996,1,11,11,0,0,0,0,0,0,0,11
https://github.com/airbytehq/airbyte/pull/58130,1,8,8,0,0,0,0,0,0,0,8
https://github.com/airbytehq/airbyte/pull/58131,1,8,8,0,0,0,0,0,0,0,8
https://github.com/airbytehq/airbyte/pull/60821,1,21,21,0,0,0,0,0,0,0,21
https://github.com/airbytehq/airbyte/pull/60964,3,15,14,1,0,0,0,0,0,0,14
https://github.com/airbytehq/airbyte/pull/61365,1,1,0,1,0,0,0,0,0,0,0
https://github.com/airbytehq/airbyte/pull/62945,1,1,0,1,0,0,0,0,0,0,0
https://github.com/aldinokemal/go-whatsapp-web-multidevice/pull/313,1,11,11,0,0,0,0,0,0,0,11
https://github.com/aldinokemal/go-whatsapp-web-multidevice/pull/315,1,12,12,0,0,0,0,0,0,0,12
https://github.com/aldinokemal/go-whatsapp-web-multidevice/pull/316,9,91,91,0,0,0,0,0,0,0,91
https://github.com/aldinokemal/go-whatsapp-web-multidevice/pull/342,2,12,12,0,0,0,0,0,0,0,12
https://github.com/aldinokemal/go-whatsapp-web-multidevice/pull/343,2,14,14,0,0,0,0,0,0,0,14
https://github.com/aldinokemal/go-whatsapp-web-multidevice/pull/358,2,14,14,0,0,0,0,0,0,0,14
https://github.com/andrefarzat/ng-jcrop/pull/68,2,145,145,0,0,0,0,0,0,0,145
https://github.com/antiwork/flexile/pull/183,1,27,22,5,0,0,3,2,0,0,22
https://github.com/antiwork/flexile/pull/196,1,2,2,0,0,0,0,0,0,0,2
https://github.com/antiwork/flexile/pull/210,1,27,22,5,0,0,3,2,0,0,22
https://github.com/antiwork/flexile/pull/220,1,27,22,5,0,0,3,2,0,0,22
https://github.com/antiwork/flexile/pull/289,1,27,22,5,0,0,3,2,0,0,22
https://github.com/antiwork/flexile/pull/442,1,2,2,0,0,0,0,0,0,0,2
https://github.com/antiwork/flexile/pull/615,1,27,22,5,0,0,3,2,0,0,22
https://github.com/antiwork/flexile/pull/663,1,27,22,5,0,0,3,2,0,0,22
https://github.com/antiwork/flexile/pull/664,1,27,22,5,0,0,3,2,0,0,22
https://github.com/antiwork/helper/pull/463,1,1,1,0,0,0,0,0,0,0,1
https://github.com/antiwork/shortest/pull/347,1,0,0,0,0,0,0,0,0,0,0
https://github.com/antiwork/shortest/pull/348,1,0,0,0,0,0,0,0,0,0,0
https://github.com/antiwork/shortest/pull/349,1,0,0,0,0,0,0,0,0,0,0
https://github.com/antiwork/shortest/pull/352,1,0,0,0,0,0,0,0,0,0,0
https://github.com/antiwork/shortest/pull/353,1,0,0,0,0,0,0,0,0,0,0
https://github.com/antiwork/shortest/pull/354,1,0,0,0,0,0,0,0,0,0,0
https://github.com/antiwork/shortest/pull/355,1,0,0,0,0,0,0,0,0,0,0
https://github.com/antiwork/shortest/pull/356,1,0,0,0,0,0,0,0,0,0,0
https://github.com/antiwork/shortest/pull/422,1,0,0,0,0,0,0,0,0,0,0
https://github.com/antiwork/shortest/pull/423,1,0,0,0,0,0,0,0,0,0,0
https://github.com/antiwork/shortest/pull/426,1,0,0,0,0,0,0,0,0,0,0
https://github.com/antiwork/shortest/pull/427,1,0,0,0,0,0,0,0,0,0,0
https://github.com/antiwork/shortest/pull/430,1,0,0,0,0,0,0,0,0,0,0
https://github.com/antiwork/shortest/pull/431,1,0,0,0,0,0,0,0,0,0,0
https://github.com/antiwork/shortest/pull/432,1,0,0,0,0,0,0,0,0,0,0
https://github.com/antiwork/shortest/pull/433,1,0,0,0,0,0,0,0,0,0,0
https://github.com/antiwork/shortest/pull/435,1,0,0,0,0,0,0,0,0,0,0
https://github.com/antiwork/shortest/pull/436,1,0,0,0,0,0,0,0,0,0,0
https://github.com/antiwork/shortest/pull/437,1,0,0,0,0,0,0,0,0,0,0
https://github.com/apideck-libraries/postman-to-k6/pull/149,2,4,4,0,0,0,0,0,0,0,4
https://github.com/appsmithorg/appsmith/pull/38758,1,72,72,0,0,0,0,0,0,0,72
https://github.com/ar-io/ar-io-node/pull/437,1,0,0,0,0,0,0,0,0,0,0
https://github.com/artprima/prometheus-metrics-bundle/pull/118,2,117,116,1,0,0,0,1,0,0,116
https://github.com/ateliee/jquery.schedule/pull/59,5,35,30,5,0,0,3,2,0,0,30
https://github.com/ateliee/jquery.schedule/pull/66,1,11,11,0,0,0,0,0,0,0,11
https://github.com/atomantic/dotfiles/pull/118,1,0,0,0,0,0,0,0,0,0,0
https://github.com/atomantic/dotfiles/pull/119,1,0,0,0,0,0,0,0,0,0,0
https://github.com/auchenberg/claude-code-mcp/pull/2,9,95,95,0,0,0,0,0,0,0,95
https://github.com/badlogic/lemmy/pull/23,1,11,11,0,0,0,0,0,0,0,11
https://github.com/benwbrum/fromthepage/pull/4791,1,16,16,0,0,0,0,0,0,0,16
https://github.com/bldrs-ai/Share/pull/1377,1,1,0,1,0,0,0,0,0,0,0
https://github.com/bldrs-ai/Share/pull/1380,4,22,18,4,0,0,2,1,0,0,18
https://github.com/bldrs-ai/Share/pull/1382,10,44,36,8,0,0,2,2,0,0,36
https://github.com/brennanbrown/enjoyment-work/pull/33,1,45,45,0,0,0,0,0,0,0,45
https://github.com/browserless/browserless/pull/4731,1,2,2,0,0,0,0,0,0,0,2
https://github.com/buger/probe/pull/56,1,58,56,2,0,0,0,2,0,0,56
https://github.com/buger/probe/pull/58,2,198,192,6,0,0,0,6,0,0,192
https://github.com/buger/probe/pull/59,1,135,131,4,0,0,0,4,0,0,131
https://github.com/calcom/cal.com/pull/21285,1,7,7,0,0,0,0,0,0,0,7
https://github.com/calcom/cal.com/pull/22270,1,2,2,0,0,0,0,0,0,0,2
https://github.com/camunda/camunda-modeler/pull/5116,3,67,67,0,1,0,0,0,0,0,66
https://github.com/camunda/camunda-modeler/pull/5121,4,134,134,0,1,0,0,0,0,0,133
https://github.com/camunda/camunda-modeler/pull/5148,2,2,2,0,2,0,0,0,0,0,0
https://github.com/carverauto/serviceradar/pull/1127,3,3,1,2,1,0,0,0,0,0,0
https://github.com/carverauto/serviceradar/pull/1145,2,2,0,2,0,0,0,0,0,0,0
https://github.com/carverauto/serviceradar/pull/1150,1,1,0,1,0,0,0,0,0,0,0
https://github.com/celestiaorg/docs/pull/2059,3,0,0,0,0,0,0,0,0,0,0
https://github.com/celestiaorg/docs/pull/2100,1,0,0,0,0,0,0,0,0,0,0
https://github.com/christianhelle/apiclientcodegen/pull/1227,1,16,16,0,0,0,0,0,0,0,16
https://github.com/christianhelle/httpgenerator/pull/219,1,31,31,0,0,0,0,0,0,0,31
https://github.com/clusterzx/intellissh/pull/17,1,11,11,0,0,0,0,0,0,0,11
https://github.com/comsince/vue-chat/pull/24,2,6,6,0,0,0,0,0,0,0,6
https://github.com/comsince/vue-chat/pull/25,2,45,41,4,0,0,1,3,0,0,41
https://github.com/counterstrikesharp-panel/css-bans/pull/151,1,2,2,0,0,0,0,0,0,0,2
https://github.com/datopian/portaljs/pull/1396,1,0,0,0,0,0,0,0,0,0,0
https://github.com/davideicardi/live-plugin-manager/pull/98,5,378,376,2,0,0,0,2,0,0,376
https://github.com/dcSpark/shinkai-local-ai-agents/pull/830,1,5,5,0,0,0,0,0,0,0,5
https://github.com/debs-obrien/debbie.codes/pull/493,1,0,0,0,0,0,0,0,0,0,0
https://github.com/demergent-labs/azle/pull/3069,1,1,1,0,0,0,0,0,0,0,1
https://github.com/demergent-labs/azle/pull/3087,1,1,1,0,0,0,0,0,0,0,1
https://github.com/diegomarzaa/pdf-ocr-obsidian/pull/7,1,38,37,1,0,0,0,1,0,0,37
https://github.com/diegomarzaa/pdf-ocr-obsidian/pull/8,1,40,39,1,0,0,0,1,0,0,39
https://github.com/different-ai/note-companion/pull/294,1,1,1,0,0,0,0,0,0,0,1
https://github.com/different-ai/note-companion/pull/300,2,4,4,0,0,0,0,0,0,0,4
https://github.com/different-ai/note-companion/pull/303,2,3,3,0,0,0,0,0,0,0,3
https://github.com/different-ai/note-companion/pull/331,8,50,49,1,2,0,0,1,0,0,47
https://github.com/different-ai/zero-finance/pull/117,1,9,9,0,0,0,0,0,0,0,9
https://github.com/different-ai/zero-finance/pull/12,123,49689,48858,831,0,4,116,715,0,0,48856
https://github.com/different-ai/zero-finance/pull/131,1,9,9,0,0,0,0,0,0,0,9
https://github.com/different-ai/zero-finance/pull/132,2,32,32,0,0,0,0,0,0,0,32
https://github.com/different-ai/zero-finance/pull/134,1,6,6,0,0,0,0,0,0,0,6
https://github.com/different-ai/zero-finance/pull/15,1,1,1,0,0,0,0,0,0,0,1
https://github.com/different-ai/zero-finance/pull/161,1,1,1,0,0,0,0,0,0,0,1
https://github.com/different-ai/zero-finance/pull/9,2,3,3,0,0,0,0,0,0,0,3
https://github.com/digitaldemocracy2030/kouchou-ai/pull/247,4,4,4,0,0,0,0,0,0,0,4
https://github.com/dotCMS/core/pull/32561,1,20,18,2,0,0,0,2,0,0,18
https://github.com/dotenvx/dotenvx/pull/619,2,41,41,0,0,0,0,0,0,0,41
https://github.com/dotnet/aspnetcore/pull/62549,2,30,30,0,0,0,0,0,0,0,30
https://github.com/dotnet/runtime/pull/115878,1,17,17,0,0,0,0,0,0,0,17
https://github.com/dynamoose/dynamoose/pull/1745,1,303,300,3,0,0,3,0,0,0,300
https://github.com/elamperti/OpenWebScrobbler/pull/265,1,0,0,0,0,0,0,0,0,0,0
https://github.com/elixr-games/elics/pull/15,1,7,7,0,0,0,0,0,0,0,7
https://github.com/elixr-games/elics/pull/16,1,9,9,0,0,0,0,0,0,0,9
https://github.com/elixr-games/elics/pull/26,2,8,8,0,0,0,0,0,0,0,8
https://github.com/elixr-games/elics/pull/28,2,9,9,0,0,0,0,0,0,0,9
https://github.com/elixr-games/elics/pull/29,7,11,11,0,0,0,0,0,0,0,11
https://github.com/elixr-games/elics/pull/31,1,9,9,0,0,0,0,0,0,0,9
https://github.com/elixr-games/elics/pull/39,1,2,2,0,0,0,0,0,0,0,2
https://github.com/elizaOS/eliza/pull/4866,1,0,0,0,0,0,0,0,0,0,0
https://github.com/elizaOS/eliza/pull/5565,3,36,36,0,0,0,0,0,0,0,36
https://github.com/ensdomains/ens-app-v3/pull/951,1,1,1,0,0,0,0,0,0,0,1
https://github.com/ensdomains/ens-app-v3/pull/956,1,1,1,0,0,0,0,0,0,0,1
https://github.com/ensdomains/governance-contracts/pull/34,4,82,82,0,0,0,0,0,0,0,82
https://github.com/epicweb-dev/epicshop/pull/252,2,0,0,0,0,0,0,0,0,0,0
https://github.com/epicweb-dev/epicshop/pull/276,1,20,20,0,0,0,0,0,0,0,20
https://github.com/epicweb-dev/epicshop/pull/278,1,20,20,0,0,0,0,0,0,0,20
https://github.com/erpc/erpc/pull/246,1,23,21,2,0,0,0,2,0,0,21
https://github.com/estruyf/vscode-demo-time/pull/147,1,0,0,0,0,0,0,0,0,0,0
https://github.com/estruyf/vscode-demo-time/pull/148,1,1,1,0,0,0,0,0,0,0,1
https://github.com/fonsp/Pluto.jl/pull/3278,1,47,45,2,0,0,0,2,0,0,45
https://github.com/fredrikburmester/streamystats/pull/189,2,102,102,0,0,0,0,0,0,0,102
https://github.com/get-convex/turbo-expo-nextjs-clerk-convex-monorepo/pull/5,2,2,0,2,0,0,2,0,0,0,0
https://github.com/getsentry/sentry-docs/pull/14198,1,4,3,1,0,0,1,0,0,0,3
https://github.com/getsentry/sentry-docs/pull/14358,1,4,3,1,0,0,1,0,0,0,3
https://github.com/getsentry/sentry-javascript/pull/16557,2,14,14,0,0,0,0,0,0,0,14
https://github.com/git/git-scm.com/pull/2007,1,152,151,1,0,0,0,1,0,0,151
https://github.com/go-vikunja/vikunja/pull/1019,1,0,0,0,0,0,0,0,0,0,0
https://github.com/goat-community/goat/pull/3482,2,1,0,1,0,0,0,0,0,0,0
https://github.com/goodjoblife/GoodJobShare/pull/1520,6,4,4,0,2,0,0,0,0,0,2
https://github.com/groupultra/telegram-search/pull/246,1,1,1,0,0,0,0,0,0,0,1
https://github.com/hasanharman/form-builder/pull/79,1,1,1,0,0,0,0,0,0,0,1
https://github.com/herbie-fp/herbie/pull/1245,1,47,45,2,0,0,0,2,0,0,45
https://github.com/herbie-fp/herbie/pull/1248,1,48,45,3,0,0,0,3,0,0,45
https://github.com/herbie-fp/herbie/pull/1249,1,48,45,3,0,0,0,3,0,0,45
https://github.com/herbie-fp/herbie/pull/1255,1,49,49,0,0,0,0,0,0,0,49
https://github.com/herbie-fp/herbie/pull/1257,1,48,45,3,0,0,0,3,0,0,45
https://github.com/herbie-fp/herbie/pull/1270,1,45,42,3,0,0,0,3,0,0,42
https://github.com/humanwhocodes/crosspost/pull/104,4,60,60,0,0,0,0,0,0,0,60
https://github.com/humanwhocodes/crosspost/pull/107,3,62,62,0,0,0,0,0,0,0,62
https://github.com/hyperbrowserai/HyperAgent/pull/35,1,39,37,2,0,0,0,2,0,0,37
https://github.com/hypothesis/client/pull/7158,2,2,2,0,2,0,0,0,0,0,0
https://github.com/imbhargav5/rooks/pull/1833,2,10,10,0,0,0,0,0,0,0,10
https://github.com/imfing/hextra/pull/700,1,5,5,0,0,0,0,0,0,0,5
https://github.com/imgntn/j360/pull/11,1,1,1,0,1,0,0,0,0,0,0
https://github.com/imgntn/j360/pull/12,1,6,6,0,0,0,0,0,0,0,6
https://github.com/imgntn/j360/pull/13,2,53,53,0,0,0,0,0,0,0,53
https://github.com/imgntn/j360/pull/14,1,36,36,0,0,0,0,0,0,0,36
https://github.com/imgntn/j360/pull/15,3,4,4,0,1,0,0,0,0,0,3
https://github.com/imgntn/j360/pull/16,2,45,45,0,0,0,0,0,0,0,45
https://github.com/imgntn/j360/pull/17,2,50,49,1,0,0,0,1,0,0,49
https://github.com/imgntn/j360/pull/18,2,90,89,1,0,0,0,1,0,0,89
https://github.com/imgntn/j360/pull/19,2,17,17,0,0,0,0,0,0,0,17
https://github.com/imgntn/j360/pull/20,3,77,76,1,0,0,0,1,0,0,76
https://github.com/imgntn/j360/pull/21,2,71,70,1,0,0,0,1,0,0,70
https://github.com/imgntn/j360/pull/22,3,83,81,2,0,0,0,2,0,0,81
https://github.com/imgntn/j360/pull/24,3,82,80,2,0,0,0,2,0,0,80
https://github.com/imgntn/j360/pull/25,3,85,83,2,0,0,0,2,0,0,83
https://github.com/imgntn/j360/pull/26,4,105,103,2,0,0,0,2,0,0,103
https://github.com/imgntn/j360/pull/27,6,95,93,2,0,0,0,2,0,0,93
https://github.com/imgntn/j360/pull/29,3,116,114,2,0,0,0,2,0,0,114
https://github.com/imgntn/j360/pull/33,3,82,80,2,0,0,0,2,0,0,80
https://github.com/imgntn/j360/pull/38,3,85,83,2,0,0,0,2,0,0,83
https://github.com/imgntn/j360/pull/40,1,5,5,0,0,0,0,0,0,0,5
https://github.com/imgntn/j360/pull/42,1,32,32,0,0,0,0,0,0,0,32
https://github.com/imgntn/j360/pull/7,3,71,71,0,0,0,0,0,0,0,71
https://github.com/imgntn/j360/pull/8,1,34,34,0,0,0,0,0,0,0,34
https://github.com/imgntn/j360/pull/9,1,22,22,0,0,0,0,0,0,0,22
https://github.com/instantdb/instant/pull/1292,1,15,12,3,0,0,0,3,0,0,12
https://github.com/jacktheboss220/WhatsAppBotMultiDevice/pull/31,1,18,18,0,0,0,0,0,0,0,18
https://github.com/jeroenterheerdt/HAsmartirrigation/pull/588,1,109,79,30,0,1,0,30,0,0,79
https://github.com/jeroenterheerdt/HAsmartirrigation/pull/589,1,179,146,33,0,1,0,33,0,0,146
https://github.com/jeroenterheerdt/HAsmartirrigation/pull/591,1,180,147,33,0,1,0,33,0,0,147
https://github.com/jeroenterheerdt/HAsmartirrigation/pull/593,1,180,147,33,0,1,0,33,0,0,147
https://github.com/jeroenterheerdt/HAsmartirrigation/pull/597,1,196,163,33,0,1,0,33,0,0,163
https://github.com/jeroenterheerdt/HAsmartirrigation/pull/598,1,196,163,33,0,1,0,33,0,0,163
https://github.com/jeroenterheerdt/HAsmartirrigation/pull/599,1,196,163,33,0,1,0,33,0,0,163
https://github.com/jeroenterheerdt/HAsmartirrigation/pull/600,1,196,163,33,0,1,0,33,0,0,163
https://github.com/jeroenterheerdt/HAsmartirrigation/pull/604,1,192,159,33,0,1,0,33,0,0,159
https://github.com/jeroenterheerdt/HAsmartirrigation/pull/614,1,183,149,34,0,1,0,34,0,0,149
https://github.com/jeroenterheerdt/HAsmartirrigation/pull/622,1,192,158,34,0,1,0,34,0,0,158
https://github.com/jina-ai/deepsearch-ui/pull/1,1,50,49,1,0,0,0,1,0,0,49
https://github.com/jina-ai/deepsearch-ui/pull/13,1,77,76,1,0,0,0,1,0,0,76
https://github.com/jina-ai/deepsearch-ui/pull/14,1,81,80,1,0,0,0,1,0,0,80
https://github.com/jina-ai/deepsearch-ui/pull/15,1,91,90,1,0,0,0,1,0,0,90
https://github.com/jina-ai/deepsearch-ui/pull/16,1,98,97,1,0,0,0,1,0,0,97
https://github.com/jina-ai/deepsearch-ui/pull/17,1,110,109,1,0,0,0,1,0,0,109
https://github.com/jina-ai/deepsearch-ui/pull/2,1,51,50,1,0,0,0,1,0,0,50
https://github.com/jina-ai/deepsearch-ui/pull/21,2,155,152,3,0,0,0,3,0,0,152
https://github.com/jina-ai/deepsearch-ui/pull/22,1,117,116,1,0,0,0,1,0,0,116
https://github.com/jina-ai/deepsearch-ui/pull/27,1,178,175,3,0,0,0,3,0,0,175
https://github.com/jina-ai/deepsearch-ui/pull/3,1,58,57,1,0,0,0,1,0,0,57
https://github.com/jina-ai/deepsearch-ui/pull/34,1,201,198,3,0,0,0,3,0,0,198
https://github.com/jina-ai/deepsearch-ui/pull/35,1,181,178,3,0,0,0,3,0,0,178
https://github.com/jina-ai/deepsearch-ui/pull/6,1,68,67,1,0,0,0,1,0,0,67
https://github.com/jina-ai/node-DeepResearch/pull/10,2,2,2,0,0,0,0,0,0,0,2
https://github.com/jina-ai/node-DeepResearch/pull/3,1,1,1,0,0,0,0,0,0,0,1
https://github.com/jniebuhr/gaggimate/pull/298,1,1,0,1,0,0,0,0,0,0,0
https://github.com/johnlindquist/kit/pull/1583,1,14,14,0,0,0,0,0,0,0,14
https://github.com/jonobr1/two.js/pull/782,3,164,96,68,0,0,0,68,0,0,96
https://github.com/jxxghp/MoviePilot-Frontend/pull/355,1,20,20,0,0,0,0,0,0,0,20
https://github.com/kaichen/kimicc/pull/7,2,181,178,3,0,0,0,3,0,0,178
https://github.com/katspaugh/wavesurfer.js/pull/4103,1,119,119,0,0,0,0,0,0,0,119
https://github.com/katspaugh/wavesurfer.js/pull/4105,1,0,0,0,0,0,0,0,0,0,0
https://github.com/katspaugh/wavesurfer.js/pull/4124,1,0,0,0,0,0,0,0,0,0,0
https://github.com/katspaugh/wavesurfer.js/pull/4166,2,2,2,0,0,0,0,0,0,0,2
https://github.com/keephq/keep/pull/4994,2,23,23,0,0,0,0,0,0,0,23
https://github.com/kern/filepizza/pull/275,1,1,1,0,0,0,0,0,0,0,1
https://github.com/kiwicom/orbit/pull/4576,1,15,15,0,0,0,0,0,0,0,15
https://github.com/langfuse/langfuse-docs/pull/1684,1,12,12,0,0,0,0,0,0,0,12
https://github.com/langfuse/langfuse-docs/pull/1716,2,74,73,1,0,0,0,1,0,0,73
https://github.com/langfuse/langfuse-docs/pull/1747,1,7,7,0,0,0,0,0,0,0,7
https://github.com/langfuse/langfuse-docs/pull/1755,1,23,23,0,0,0,0,0,0,0,23
https://github.com/langfuse/langfuse-docs/pull/1774,1,20,20,0,0,0,0,0,0,0,20
https://github.com/liam-hq/liam/pull/1567,1,0,0,0,0,0,0,0,0,0,0
https://github.com/liam-hq/liam/pull/1570,3,0,0,0,0,0,0,0,0,0,0
https://github.com/liam-hq/liam/pull/1576,1,0,0,0,0,0,0,0,0,0,0
https://github.com/liam-hq/liam/pull/1855,2,0,0,0,0,0,0,0,0,0,0
https://github.com/liam-hq/liam/pull/1909,1,0,0,0,0,0,0,0,0,0,0
https://github.com/liam-hq/liam/pull/1969,1,1,1,0,0,0,0,0,0,0,1
https://github.com/liam-hq/liam/pull/2080,3,1,1,0,0,0,0,0,0,0,1
https://github.com/liam-hq/liam/pull/2099,2,1,1,0,0,0,0,0,0,0,1
https://github.com/liam-hq/liam/pull/2348,1,0,0,0,0,0,0,0,0,0,0
https://github.com/liam-hq/liam/pull/2369,1,0,0,0,0,0,0,0,0,0,0
https://github.com/liam-hq/liam/pull/2403,1,0,0,0,0,0,0,0,0,0,0
https://github.com/liam-hq/liam/pull/2442,3,0,0,0,0,0,0,0,0,0,0
https://github.com/liam-hq/liam/pull/2471,2,0,0,0,0,0,0,0,0,0,0
https://github.com/liam-hq/liam/pull/848,1,2,2,0,0,0,0,0,0,0,2
https://github.com/lightdash/lightdash/pull/13376,1,1,1,0,0,0,0,0,0,0,1
https://github.com/logancyang/obsidian-copilot/pull/1497,1,3,3,0,0,0,0,0,0,0,3
https://github.com/lostintangent/gistpad/pull/398,1,17,17,0,0,0,0,0,0,0,17
https://github.com/lynx-family/lynx-stack/pull/1197,1,1,0,1,0,0,0,0,0,0,0
https://github.com/maehr/awesome-digital-history/pull/235,1,5,5,0,0,0,0,0,0,0,5
https://github.com/magiclabs/magic-js/pull/873,2,2,2,0,0,0,0,0,0,0,2
https://github.com/manekinekko/angular-web-bluetooth/pull/93,6,124,115,9,0,0,0,9,0,0,115
https://github.com/manekinekko/angular-web-bluetooth/pull/95,1,1,1,0,0,0,0,0,0,0,1
https://github.com/marcio/react-skylight/pull/105,4,7,3,4,0,0,2,0,0,0,3
https://github.com/marcio/react-skylight/pull/107,10,35,30,5,0,0,2,0,0,0,30
https://github.com/mattiasw/ExifReader/pull/526,1,2,1,1,0,0,0,1,0,0,1
https://github.com/mattiasw/ExifReader/pull/527,1,0,0,0,0,0,0,0,0,0,0
https://github.com/michaellatman/mcp-get/pull/108,1,0,0,0,0,0,0,0,0,0,0
https://github.com/michaellatman/mcp-get/pull/109,1,37,36,1,0,0,0,1,0,0,36
https://github.com/michaellatman/mcp-get/pull/112,1,31,30,1,0,0,0,1,0,0,30
https://github.com/michaellatman/mcp-get/pull/129,1,24,24,0,0,0,0,0,0,0,24
https://github.com/michaellatman/mcp-get/pull/131,2,26,25,1,0,0,0,1,0,0,25
https://github.com/microsoft/TypeScript/pull/61927,1,1,1,0,1,0,0,0,0,0,0
https://github.com/microsoft/TypeScript/pull/61935,1,1,1,0,1,0,0,0,0,0,0
https://github.com/microsoft/fluentui-blazor/pull/3903,1,33,32,1,0,0,0,1,0,0,32
https://github.com/microsoft/license-checker-webpack-plugin/pull/67,1,12,12,0,0,0,0,0,0,0,12
https://github.com/microsoft/react-native-windows/pull/14903,2,2,2,0,2,0,0,0,0,0,0
https://github.com/microsoft/react-native-windows/pull/14931,1,18,17,1,0,0,0,1,0,0,17
https://github.com/microsoft/typescript-go/pull/1138,3,3,3,0,3,0,0,0,0,0,0
https://github.com/microsoft/typescript-go/pull/1141,62,63,63,0,61,0,0,0,0,0,2
https://github.com/microsoft/typescript-go/pull/1268,2,2,2,0,2,0,0,0,0,0,0
https://github.com/microsoft/typescript-go/pull/1313,10,10,10,0,10,0,0,0,0,0,0
https://github.com/microsoft/typescript-go/pull/1479,8,8,8,0,8,0,0,0,0,0,0
https://github.com/microsoft/vscode-pull-request-github/pull/7382,3,5,5,0,0,0,0,0,0,0,5
https://github.com/midudev/preguntas-entrevista-react/pull/100,3,3,0,3,0,0,0,0,0,0,0
https://github.com/mihneadb/node-directory-tree/pull/132,1,5,4,1,0,0,0,1,0,0,4
https://github.com/mlflow/mlflow/pull/15865,1,2,2,0,0,0,0,0,0,0,2
https://github.com/mlflow/mlflow/pull/16196,1,2,2,0,0,0,0,0,0,0,2
https://github.com/mlflow/mlflow/pull/16265,1,1,1,0,0,0,0,0,0,0,1
https://github.com/mlflow/mlflow/pull/16385,1,4,4,0,0,0,0,0,0,0,4
https://github.com/mlflow/mlflow/pull/16533,1,5,5,0,0,0,0,0,0,0,5
https://github.com/mlflow/mlflow/pull/16551,1,3,3,0,0,0,0,0,0,0,3
https://github.com/mochilang/mochi/pull/14119,1,7,7,0,0,0,0,0,0,0,7
https://github.com/mochilang/mochi/pull/14497,1,7,7,0,0,0,0,0,0,0,7
https://github.com/mochilang/mochi/pull/14815,1,7,7,0,0,0,0,0,0,0,7
https://github.com/mochilang/mochi/pull/14823,3,205,205,0,0,0,0,0,0,0,205
https://github.com/mochilang/mochi/pull/23,2,26,26,0,0,0,0,0,0,0,26
https://github.com/mochilang/mochi/pull/5115,1,8,8,0,0,0,0,0,0,0,8
https://github.com/mochilang/mochi/pull/5158,1,8,8,0,0,0,0,0,0,0,8
https://github.com/mochilang/mochi/pull/5420,1,7,7,0,0,0,0,0,0,0,7
https://github.com/mochilang/mochi/pull/5453,1,7,7,0,0,0,0,0,0,0,7
https://github.com/mochilang/mochi/pull/5512,1,7,7,0,0,0,0,0,0,0,7
https://github.com/mochilang/mochi/pull/5544,1,7,7,0,0,0,0,0,0,0,7
https://github.com/mochilang/mochi/pull/5572,1,7,7,0,0,0,0,0,0,0,7
https://github.com/mochilang/mochi/pull/5599,1,7,7,0,0,0,0,0,0,0,7
https://github.com/mochilang/mochi/pull/5625,1,7,7,0,0,0,0,0,0,0,7
https://github.com/mochilang/mochi/pull/5650,1,7,7,0,0,0,0,0,0,0,7
https://github.com/mochilang/mochi/pull/86,2,29,29,0,0,0,0,0,0,0,29
https://github.com/modelcontextprotocol/inspector/pull/511,2,60,60,0,0,0,0,0,0,0,60
https://github.com/module-federation/core/pull/3876,4,48,48,0,0,0,0,0,0,0,48
https://github.com/module-federation/core/pull/3883,4,55,53,2,0,0,0,2,0,0,53
https://github.com/mvdicarlo/postybirb/pull/375,1,7,7,0,0,0,0,0,0,0,7
https://github.com/nemtsov/json-mask/pull/173,3,12,12,0,0,0,0,0,0,0,12
https://github.com/nemtsov/json-mask/pull/174,1,11,11,0,0,0,0,0,0,0,11
https://github.com/neondatabase/website/pull/3093,2,12,12,0,0,0,0,0,0,0,12
https://github.com/neondatabase/website/pull/3124,1,0,0,0,0,0,0,0,0,0,0
https://github.com/neondatabase/website/pull/3161,4,3,0,3,0,0,0,0,0,0,0
https://github.com/neondatabase/website/pull/3200,1,0,0,0,0,0,0,0,0,0,0
https://github.com/neondatabase/website/pull/3240,1,0,0,0,0,0,0,0,0,0,0
https://github.com/neondatabase/website/pull/3249,1,0,0,0,0,0,0,0,0,0,0
https://github.com/neondatabase/website/pull/3307,1,1,0,1,0,0,0,0,0,0,0
https://github.com/neondatabase/website/pull/3358,1,1,1,0,0,0,0,0,0,0,1
https://github.com/neondatabase/website/pull/3402,1,6,5,1,0,0,0,1,0,0,5
https://github.com/neondatabase/website/pull/3403,5,4,0,4,0,0,0,0,0,0,0
https://github.com/neondatabase/website/pull/3459,1,12,12,0,0,0,0,0,0,0,12
https://github.com/neondatabase/website/pull/3500,1,1,1,0,0,0,0,0,0,0,1
https://github.com/neondatabase/website/pull/3513,2,12,12,0,0,0,0,0,0,0,12
https://github.com/neondatabase/website/pull/3543,34,51,20,31,0,0,2,1,0,0,20
https://github.com/neondatabase/website/pull/3645,3,3,0,3,0,0,0,0,0,0,0
https://github.com/neondatabase/website/pull/3680,1,12,12,0,0,0,0,0,0,0,12
https://github.com/neondatabase/website/pull/3682,3,1,0,1,0,0,0,0,0,0,0
https://github.com/neondatabase/website/pull/3690,2,2,0,2,0,0,0,0,0,0,0
https://github.com/neondatabase/website/pull/3693,1,12,12,0,0,0,0,0,0,0,12
https://github.com/neondatabase/website/pull/3699,1,0,0,0,0,0,0,0,0,0,0
https://github.com/nestjs/azure-database/pull/1303,1,1,1,0,0,0,0,0,0,0,1
https://github.com/novuhq/novu/pull/8363,1,4,4,0,0,0,0,0,0,0,4
https://github.com/nrwl/nx-console/pull/2563,1,25,25,0,0,0,0,0,0,0,25
https://github.com/nunocoracao/blowfish/pull/2265,7,97,95,2,0,0,0,2,0,0,95
https://github.com/onlook-dev/onlook/pull/2286,1,269,235,34,0,2,0,34,0,0,235
https://github.com/open-condo-software/condo/pull/6441,1,14,14,0,0,0,0,0,0,0,14
https://github.com/openai/openai-agents-python/pull/1203,1,1,1,0,0,0,0,0,0,0,1
https://github.com/openai/openai-agents-python/pull/1205,1,1,1,0,0,0,0,0,0,0,1
https://github.com/oraios/serena/pull/264,1,58,58,0,0,0,0,0,0,0,58
https://github.com/orangecoding/fredy/pull/130,1,7,7,0,0,0,0,0,0,0,7
https://github.com/orangecoding/fredy/pull/132,1,3,3,0,0,0,0,0,0,0,3
https://github.com/orangewise/s3-zip/pull/102,2,11,11,0,0,0,0,0,0,0,11
https://github.com/orangewise/s3-zip/pull/103,2,11,11,0,0,0,0,0,0,0,11
https://github.com/orangewise/s3-zip/pull/107,2,13,13,0,0,0,0,0,0,0,13
https://github.com/orgordin/vuejs-avataaars/pull/21,2,4,4,0,0,0,0,0,0,0,4
https://github.com/oss-apps/split-pro/pull/260,1,39,39,0,0,0,0,0,0,0,39
https://github.com/oven-sh/bun/pull/19962,2,16,16,0,0,0,0,0,0,0,16
https://github.com/oven-sh/bun/pull/19966,1,4,4,0,0,0,0,0,0,0,4
https://github.com/oven-sh/bun/pull/19970,1,4,4,0,0,0,0,0,0,0,4
https://github.com/oven-sh/bun/pull/19972,1,3,3,0,0,0,0,0,0,0,3
https://github.com/oven-sh/bun/pull/19987,1,4,4,0,0,0,0,0,0,0,4
https://github.com/oven-sh/bun/pull/20026,1,8,8,0,0,0,0,0,0,0,8
https://github.com/oven-sh/bun/pull/20031,1,3,3,0,0,0,0,0,0,0,3
https://github.com/oven-sh/bun/pull/20039,1,3,3,0,0,0,0,0,0,0,3
https://github.com/oven-sh/bun/pull/20062,1,1,1,0,1,0,0,0,0,0,0
https://github.com/oven-sh/bun/pull/20265,1,2,1,1,0,0,0,1,0,0,1
https://github.com/oven-sh/bun/pull/20291,1,2,2,0,0,0,0,0,0,0,2
https://github.com/oven-sh/bun/pull/20569,1,39,39,0,0,0,0,0,0,0,39
https://github.com/oven-sh/bun/pull/20576,3,172,169,3,0,0,0,3,0,0,169
https://github.com/oven-sh/bun/pull/20613,1,91,91,0,0,0,0,0,0,0,91
https://github.com/oven-sh/bun/pull/20737,1,23,22,1,0,0,0,1,0,0,22
https://github.com/parse-community/Parse-SDK-JS/pull/2674,1,4,4,0,0,0,0,0,0,0,4
https://github.com/parse-community/parse-dashboard/pull/2866,2,2,2,0,2,0,0,0,0,0,0
https://github.com/parse-community/parse-dashboard/pull/2871,2,2,2,0,2,0,0,0,0,0,0
https://github.com/parse-community/parse-dashboard/pull/2875,2,2,2,0,2,0,0,0,0,0,0
https://github.com/parse-community/parse-dashboard/pull/2877,5,5,5,0,5,0,0,0,0,0,0
https://github.com/parse-community/parse-dashboard/pull/2878,5,5,5,0,5,0,0,0,0,0,0
https://github.com/parse-community/parse-dashboard/pull/2879,1,1,1,0,1,0,0,0,0,0,0
https://github.com/parse-community/parse-dashboard/pull/2880,1,13,12,1,0,0,0,1,0,0,12
https://github.com/parse-community/parse-dashboard/pull/2882,1,1,1,0,1,0,0,0,0,0,0
https://github.com/parse-community/parse-dashboard/pull/2883,1,16,16,0,0,0,0,0,0,0,16
https://github.com/parse-community/parse-dashboard/pull/2887,2,2,2,0,2,0,0,0,0,0,0
https://github.com/parse-community/parse-dashboard/pull/2888,11,12,12,0,10,0,0,0,0,0,2
https://github.com/parse-community/parse-dashboard/pull/2889,3,3,3,0,3,0,0,0,0,0,0
https://github.com/parse-community/parse-dashboard/pull/2890,4,4,4,0,4,0,0,0,0,0,0
https://github.com/parse-community/parse-dashboard/pull/2891,2,2,2,0,2,0,0,0,0,0,0
https://github.com/parse-community/parse-dashboard/pull/2895,2,2,2,0,2,0,0,0,0,0,0
https://github.com/parse-community/parse-dashboard/pull/2897,1,1,1,0,1,0,0,0,0,0,0
https://github.com/parse-community/parse-dashboard/pull/2899,1,1,1,0,1,0,0,0,0,0,0
https://github.com/parse-community/parse-dashboard/pull/2901,2,2,2,0,2,0,0,0,0,0,0
https://github.com/parse-community/parse-dashboard/pull/2902,1,1,1,0,1,0,0,0,0,0,0
https://github.com/parse-community/parse-dashboard/pull/2904,1,1,1,0,1,0,0,0,0,0,0
https://github.com/parse-community/parse-dashboard/pull/2908,1,1,1,0,1,0,0,0,0,0,0
https://github.com/parse-community/parse-dashboard/pull/2909,1,1,1,0,1,0,0,0,0,0,0
https://github.com/parse-community/parse-dashboard/pull/2910,1,1,1,0,1,0,0,0,0,0,0
https://github.com/parse-community/parse-dashboard/pull/2915,3,3,3,0,3,0,0,0,0,0,0
https://github.com/parse-community/parse-dashboard/pull/2916,1,1,1,0,1,0,0,0,0,0,0
https://github.com/parse-community/parse-dashboard/pull/2918,2,2,2,0,2,0,0,0,0,0,0
https://github.com/parse-community/parse-dashboard/pull/2920,4,43,42,1,1,0,0,1,0,0,41
https://github.com/parse-community/parse-dashboard/pull/2925,1,1,1,0,1,0,0,0,0,0,0
https://github.com/parse-community/parse-dashboard/pull/2929,2,5,5,0,0,0,0,0,0,0,5
https://github.com/parse-community/parse-dashboard/pull/2930,1,1,1,0,1,0,0,0,0,0,0
https://github.com/parse-community/parse-dashboard/pull/2934,4,4,4,0,4,0,0,0,0,0,0
https://github.com/pdfme/pdfme/pull/758,1,1,1,0,0,0,0,0,0,0,1
https://github.com/pdfme/pdfme/pull/766,4,23,23,0,0,0,0,0,0,0,23
https://github.com/pdfme/pdfme/pull/846,1,1,1,0,0,0,0,0,0,0,1
https://github.com/pdfme/pdfme/pull/852,1,3,3,0,0,0,0,0,0,0,3
https://github.com/phellipeandrade/rbac/pull/20,6,44,44,0,0,0,0,0,0,0,44
https://github.com/phellipeandrade/rbac/pull/21,1,4,4,0,0,0,0,0,0,0,4
https://github.com/phellipeandrade/rbac/pull/25,2,5,5,0,0,0,0,0,0,0,5
https://github.com/phellipeandrade/rbac/pull/27,8,38,38,0,0,0,0,0,0,0,38
https://github.com/phellipeandrade/rbac/pull/28,10,54,54,0,0,0,0,0,0,0,54
https://github.com/phellipeandrade/rbac/pull/31,3,13,13,0,0,0,0,0,0,0,13
https://github.com/phellipeandrade/rbac/pull/35,1,6,6,0,0,0,0,0,0,0,6
https://github.com/phellipeandrade/rbac/pull/36,1,15,15,0,0,0,0,0,0,0,15
https://github.com/phellipeandrade/rbac/pull/42,1,1,1,0,0,0,0,0,0,0,1
https://github.com/pickle-com/glass/pull/90,10,389,389,0,0,0,0,0,0,0,389
https://github.com/pingdotgg/uploadthing/pull/1216,1,0,0,0,0,0,0,0,0,0,0
https://github.com/plexguide/Huntarr.io/pull/479,1,100,97,3,0,0,0,3,0,0,97
https://github.com/polkadot-cloud/polkadot-staking-dashboard/pull/2899,1,0,0,0,0,0,0,0,0,0,0
https://github.com/poloclub/wizmap/pull/33,1,0,0,0,0,0,0,0,0,0,0
https://github.com/prebid/Prebid.js/pull/13130,1,7,7,0,0,0,0,0,0,0,7
https://github.com/prebid/Prebid.js/pull/13134,13,106,99,7,0,0,1,6,0,0,99
https://github.com/prebid/Prebid.js/pull/13135,2,38,38,0,0,0,0,0,0,0,38
https://github.com/prebid/Prebid.js/pull/13136,44,326,311,15,0,0,0,15,0,0,311
https://github.com/prebid/Prebid.js/pull/13138,9,195,194,1,0,0,0,1,0,0,194
https://github.com/prebid/Prebid.js/pull/13142,36,338,309,29,0,0,2,27,0,0,309
https://github.com/prebid/Prebid.js/pull/13154,10,45,42,3,0,0,0,3,0,0,42
https://github.com/prebid/Prebid.js/pull/13157,1,30,29,1,0,0,0,1,0,0,29
https://github.com/prebid/Prebid.js/pull/13158,23,2439,2436,3,0,0,3,0,0,0,2436
https://github.com/prebid/Prebid.js/pull/13160,51,493,431,62,0,0,3,59,0,0,431
https://github.com/prebid/Prebid.js/pull/13167,59,699,646,53,0,0,5,48,0,0,646
https://github.com/prebid/Prebid.js/pull/13172,2,509,508,1,0,0,0,1,0,0,508
https://github.com/prebid/Prebid.js/pull/13173,1,17,16,1,0,0,0,1,0,0,16
https://github.com/prebid/Prebid.js/pull/13212,1,51,50,1,0,0,1,0,0,0,50
https://github.com/prebid/Prebid.js/pull/13228,1,3,3,0,0,0,0,0,0,0,3
https://github.com/prebid/Prebid.js/pull/13229,4,420,419,1,0,0,0,1,0,0,419
https://github.com/prebid/Prebid.js/pull/13230,20,1918,1896,22,0,0,0,22,0,0,1896
https://github.com/prebid/Prebid.js/pull/13233,1,62,62,0,0,0,0,0,0,0,62
https://github.com/prebid/Prebid.js/pull/13243,1,120,120,0,0,0,0,0,0,0,120
https://github.com/prebid/Prebid.js/pull/13252,1,52,51,1,0,0,1,0,0,0,51
https://github.com/prebid/Prebid.js/pull/13257,8,90,83,7,0,0,2,5,0,0,83
https://github.com/prebid/Prebid.js/pull/13261,1,39,39,0,0,0,0,0,0,0,39
https://github.com/prebid/Prebid.js/pull/13262,2,164,164,0,0,0,0,0,0,0,164
https://github.com/prebid/Prebid.js/pull/13271,34,4362,4356,6,0,0,6,0,0,0,4356
https://github.com/prebid/Prebid.js/pull/13274,7,212,200,12,0,0,2,10,0,0,200
https://github.com/prebid/Prebid.js/pull/13275,4,268,266,2,0,0,0,2,0,0,266
https://github.com/prebid/Prebid.js/pull/13277,1,21,21,0,0,0,0,0,0,0,21
https://github.com/prebid/Prebid.js/pull/13279,3,149,149,0,0,0,0,0,0,0,149
https://github.com/prebid/Prebid.js/pull/13283,2,72,71,1,0,0,1,0,0,0,71
https://github.com/prebid/Prebid.js/pull/13284,2,57,56,1,0,0,1,0,0,0,56
https://github.com/prebid/Prebid.js/pull/13287,2,49,49,0,0,0,0,0,0,0,49
https://github.com/prebid/Prebid.js/pull/13288,185,16683,16677,6,0,0,5,1,0,0,16677
https://github.com/prebid/Prebid.js/pull/13298,1,6,6,0,0,0,0,0,0,0,6
https://github.com/prebid/Prebid.js/pull/13299,2,21,21,0,0,0,0,0,0,0,21
https://github.com/prebid/Prebid.js/pull/13305,1,40,40,0,0,0,0,0,0,0,40
https://github.com/prebid/Prebid.js/pull/13307,1,157,157,0,0,0,0,0,0,0,157
https://github.com/prebid/Prebid.js/pull/13309,1,302,302,0,0,0,0,0,0,0,302
https://github.com/prebid/Prebid.js/pull/13313,1,17,17,0,0,0,0,0,0,0,17
https://github.com/prebid/Prebid.js/pull/13314,1,155,155,0,0,0,0,0,0,0,155
https://github.com/prebid/Prebid.js/pull/13320,3,13,13,0,0,0,0,0,0,0,13
https://github.com/prebid/Prebid.js/pull/13322,1,82,80,2,0,0,0,2,0,0,80
https://github.com/prebid/Prebid.js/pull/13329,1,44,44,0,0,0,0,0,0,0,44
https://github.com/prebid/Prebid.js/pull/13333,6,602,583,19,0,0,0,19,0,0,583
https://github.com/prebid/Prebid.js/pull/13336,1,3,3,0,0,0,0,0,0,0,3
https://github.com/prebid/Prebid.js/pull/13337,1,9,9,0,0,0,0,0,0,0,9
https://github.com/prebid/Prebid.js/pull/13350,2,160,160,0,0,0,0,0,0,0,160
https://github.com/prebid/Prebid.js/pull/13353,1,15,15,0,0,0,0,0,0,0,15
https://github.com/prebid/Prebid.js/pull/13354,2,76,76,0,0,0,0,0,0,0,76
https://github.com/prebid/Prebid.js/pull/13355,3,429,426,3,0,0,1,2,0,0,426
https://github.com/prebid/Prebid.js/pull/13357,2,462,446,16,0,0,0,16,0,0,446
https://github.com/prebid/Prebid.js/pull/13361,3,250,249,1,0,0,1,0,0,0,249
https://github.com/prebid/Prebid.js/pull/13368,1,22,22,0,0,0,0,0,0,0,22
https://github.com/prebid/Prebid.js/pull/13379,21,482,471,11,0,0,0,11,0,0,471
https://github.com/prebid/Prebid.js/pull/13384,1,7,7,0,0,0,0,0,0,0,7
https://github.com/prebid/Prebid.js/pull/13387,4,26,25,1,0,0,0,1,0,0,25
https://github.com/prebid/Prebid.js/pull/13388,4,240,240,0,0,0,0,0,0,0,240
https://github.com/prebid/Prebid.js/pull/13428,33,139,131,8,0,0,1,7,0,0,131
https://github.com/prebid/Prebid.js/pull/13454,2,20,20,0,0,0,0,0,0,0,20
https://github.com/prebid/Prebid.js/pull/13460,1,33,28,5,0,0,0,5,0,0,28
https://github.com/prebid/Prebid.js/pull/13461,1,70,70,0,0,0,0,0,0,0,70
https://github.com/prebid/Prebid.js/pull/13462,2,18,18,0,0,0,0,0,0,0,18
https://github.com/prebid/Prebid.js/pull/13463,1,42,42,0,0,0,0,0,0,0,42
https://github.com/prebid/Prebid.js/pull/13464,4,167,167,0,0,0,0,0,0,0,167
https://github.com/prebid/Prebid.js/pull/13468,4,484,468,16,0,0,0,16,0,0,468
https://github.com/prebid/Prebid.js/pull/13484,1,122,122,0,0,0,0,0,0,0,122
https://github.com/prebid/Prebid.js/pull/13490,1,298,298,0,0,0,0,0,0,0,298
https://github.com/prebid/Prebid.js/pull/13491,2,201,201,0,0,0,0,0,0,0,201
https://github.com/prebid/Prebid.js/pull/13503,1,10,10,0,0,0,0,0,0,0,10
https://github.com/prebid/Prebid.js/pull/13511,1,0,0,0,0,0,0,0,0,0,0
https://github.com/prebid/Prebid.js/pull/13516,22,2039,2038,1,0,0,0,1,0,0,2038
https://github.com/prebid/Prebid.js/pull/13520,2,89,83,6,0,0,5,1,0,0,83
https://github.com/prebid/Prebid.js/pull/13524,28,1980,1979,1,0,0,1,0,0,0,1979
https://github.com/prebid/Prebid.js/pull/13568,9,303,301,2,0,0,0,2,0,0,301
https://github.com/prebid/Prebid.js/pull/13569,159,9027,9020,7,0,0,2,5,0,0,9020
https://github.com/prebid/Prebid.js/pull/13574,1,13,13,0,0,0,0,0,0,0,13
https://github.com/prebid/Prebid.js/pull/13575,2,15,15,0,0,0,0,0,0,0,15
https://github.com/prebid/Prebid.js/pull/13589,2,46,44,2,0,0,0,2,0,0,44
https://github.com/prebid/Prebid.js/pull/13601,3,84,82,2,0,0,0,2,0,0,82
https://github.com/prebid/Prebid.js/pull/13602,1,12,10,2,0,0,0,2,0,0,10
https://github.com/prebid/Prebid.js/pull/13609,43,328,290,38,0,0,1,37,0,0,290
https://github.com/prebid/Prebid.js/pull/13610,3,0,0,0,0,0,0,0,0,0,0
https://github.com/prebid/Prebid.js/pull/13617,21,333,298,35,0,0,2,33,0,0,298
https://github.com/prebid/Prebid.js/pull/13639,2,88,88,0,0,0,0,0,0,0,88
https://github.com/prebid/Prebid.js/pull/13641,3,2,2,0,0,0,0,0,0,0,2
https://github.com/prebid/Prebid.js/pull/13663,1,6,6,0,0,0,0,0,0,0,6
https://github.com/prebid/Prebid.js/pull/13664,4,386,386,0,0,0,0,0,0,0,386
https://github.com/prebid/Prebid.js/pull/13695,2,21,21,0,0,0,0,0,0,0,21
https://github.com/primer/react/pull/6293,1,2,2,0,0,0,0,0,0,0,2
https://github.com/primer/react/pull/6354,1,2,2,0,0,0,0,0,0,0,2
https://github.com/primer/react/pull/6356,1,2,2,0,0,0,0,0,0,0,2
https://github.com/primer/react/pull/6367,1,2,2,0,0,0,0,0,0,0,2
https://github.com/primer/stylelint-config/pull/621,1,0,0,0,0,0,0,0,0,0,0
https://github.com/promptfoo/promptfoo/pull/4090,1,3,3,0,0,0,0,0,0,0,3
https://github.com/promptfoo/promptfoo/pull/4107,1,1,1,0,0,0,0,0,0,0,1
https://github.com/promptfoo/promptfoo/pull/4119,1,3,3,0,0,0,0,0,0,0,3
https://github.com/promptfoo/promptfoo/pull/4156,1,1,1,0,1,0,0,0,0,0,0
https://github.com/racemap/elevation-service/pull/29,2,22,22,0,0,0,0,0,0,0,22
https://github.com/rainbow-me/browser-extension/pull/1953,1,8,8,0,0,0,0,0,0,0,8
https://github.com/rainbow-me/rainbowkit/pull/2444,1,0,0,0,0,0,0,0,0,0,0
https://github.com/ralixjs/ralix/pull/95,2,453,453,0,0,0,0,0,0,0,453
https://github.com/ralixjs/ralix/pull/99,2,473,473,0,0,0,0,0,0,0,473
https://github.com/receptron/graphai/pull/1159,2,20,20,0,0,0,0,0,0,0,20
https://github.com/reflex-dev/reflex/pull/5616,1,72,70,2,0,0,0,2,0,0,70
https://github.com/remotion-dev/remotion/pull/5371,1,1,1,0,0,0,0,0,0,0,1
https://github.com/remotion-dev/remotion/pull/5375,1,5,5,0,0,0,0,0,0,0,5
https://github.com/remotion-dev/remotion/pull/5378,1,1,1,0,0,0,0,0,0,0,1
https://github.com/remotion-dev/remotion/pull/5390,1,1,1,0,0,0,0,0,0,0,1
https://github.com/remotion-dev/remotion/pull/5392,3,3,3,0,0,0,0,0,0,0,3
https://github.com/remotion-dev/remotion/pull/5414,1,1,1,0,0,0,0,0,0,0,1
https://github.com/remotion-dev/remotion/pull/5417,1,1,1,0,0,0,0,0,0,0,1
https://github.com/remotion-dev/remotion/pull/5422,1,1,1,0,0,0,0,0,0,0,1
https://github.com/remotion-dev/remotion/pull/5443,1,1,1,0,0,0,0,0,0,0,1
https://github.com/reorx/jsoncv/pull/12,1,11,11,0,0,0,0,0,0,0,11
https://github.com/ricktu288/ray-optics/pull/244,2,37,36,1,0,0,0,1,0,0,36
https://github.com/ricktu288/ray-optics/pull/245,2,39,33,6,0,0,0,6,0,0,33
https://github.com/rlamana/ventus/pull/128,12,49,45,4,0,2,0,4,0,0,45
https://github.com/robinkarlberg/transfer.zip-web/pull/33,1,2,2,0,0,0,0,0,0,0,2
https://github.com/robinkarlberg/transfer.zip-web/pull/35,18,45,40,5,6,0,0,1,0,0,34
https://github.com/robinkarlberg/transfer.zip-web/pull/36,17,16,16,0,16,0,0,0,0,0,0
https://github.com/robinkarlberg/transfer.zip-web/pull/37,5,1,1,0,0,0,0,0,0,0,1
https://github.com/robinkarlberg/transfer.zip-web/pull/38,4,16,16,0,0,0,0,0,0,0,16
https://github.com/robinkarlberg/transfer.zip-web/pull/39,11,19,18,1,6,0,0,0,0,0,12
https://github.com/robinkarlberg/transfer.zip-web/pull/40,7,19,17,2,3,0,0,2,0,0,14
https://github.com/robinp7720/Oblecto/pull/124,1,2,2,0,0,0,0,0,0,0,2
https://github.com/robinp7720/Oblecto/pull/126,2,3,3,0,0,0,0,0,0,0,3
https://github.com/robinp7720/Oblecto/pull/127,1,1,0,1,0,0,0,1,0,0,0
https://github.com/robinp7720/Oblecto/pull/128,1,1,1,0,0,0,0,0,0,0,1
https://github.com/roboflow/inference/pull/1319,5,500,465,35,0,0,0,35,0,0,465
https://github.com/rockbite/localforge/pull/26,4,177,172,5,0,0,0,5,0,0,172
https://github.com/rockbite/localforge/pull/27,1,47,44,3,0,0,0,3,0,0,44
https://github.com/rockbite/localforge/pull/28,6,233,226,7,0,0,0,7,0,0,226
https://github.com/rockbite/localforge/pull/29,3,148,147,1,0,0,0,1,0,0,147
https://github.com/ruvnet/claude-flow/pull/489,4,375,372,3,0,0,0,3,0,0,372
https://github.com/ruvnet/claude-flow/pull/490,4,37,37,0,0,0,0,0,0,0,37
https://github.com/ruvnet/claude-flow/pull/512,1,29,28,1,0,0,0,1,0,0,28
https://github.com/ruvnet/claude-flow/pull/519,8,265,256,9,0,0,0,9,0,0,256
https://github.com/ruvnet/ruv-FANN/pull/75,9,469,468,1,0,0,0,1,0,0,468
https://github.com/ryokun6/ryos/pull/120,1,44,43,1,0,0,0,1,0,0,43
https://github.com/ryokun6/ryos/pull/14,1,39,38,1,0,0,0,1,0,0,38
https://github.com/ryokun6/ryos/pull/151,2,90,82,8,0,0,0,8,0,0,82
https://github.com/ryokun6/ryos/pull/162,1,67,60,7,0,0,0,7,0,0,60
https://github.com/ryokun6/ryos/pull/163,1,2,2,0,0,0,0,0,0,0,2
https://github.com/ryokun6/ryos/pull/195,1,75,65,10,0,0,0,10,0,0,65
https://github.com/sebastianwessel/quickjs/pull/75,1,0,0,0,0,0,0,0,0,0,0
https://github.com/sebastianwessel/quickjs/pull/77,5,0,0,0,0,0,0,0,0,0,0
https://github.com/sebastianwessel/quickjs/pull/80,1,0,0,0,0,0,0,0,0,0,0
https://github.com/selfxyz/self/pull/639,6,30,30,0,1,0,0,0,0,0,29
https://github.com/selfxyz/self/pull/642,1,1,1,0,1,0,0,0,0,0,0
https://github.com/selfxyz/self/pull/697,1,3,3,0,0,0,0,0,0,0,3
https://github.com/selfxyz/self/pull/735,1,3,3,0,0,0,0,0,0,0,3
https://github.com/selfxyz/self/pull/781,5,1,1,0,1,0,0,0,0,0,0
https://github.com/selfxyz/self/pull/787,1,0,0,0,0,0,0,0,0,0,0
https://github.com/shinnku-nikaidou/shinnku-com/pull/147,1,3,3,0,0,0,0,0,0,0,3
https://github.com/shinnku-nikaidou/shinnku-com/pull/158,1,1,1,0,0,0,0,0,0,0,1
https://github.com/shinnku-nikaidou/shinnku-com/pull/203,1,3,3,0,0,0,0,0,0,0,3
https://github.com/shinnku-nikaidou/shinnku-com/pull/221,1,4,4,0,0,0,0,0,0,0,4
https://github.com/skypilot-org/skypilot/pull/6078,1,1,0,1,0,0,0,0,0,0,0
https://github.com/skypilot-org/skypilot/pull/6247,2,2,0,2,0,0,0,0,0,0,0
https://github.com/skypilot-org/skypilot/pull/6305,1,1,1,0,1,0,0,0,0,0,0
https://github.com/softmaple/softmaple/pull/163,1,0,0,0,0,0,0,0,0,0,0
https://github.com/sqlrooms/sqlrooms/pull/56,1,0,0,0,0,0,0,0,0,0,0
https://github.com/sqlrooms/sqlrooms/pull/58,2,0,0,0,0,0,0,0,0,0,0
https://github.com/sqlrooms/sqlrooms/pull/60,3,0,0,0,0,0,0,0,0,0,0
https://github.com/sqlrooms/sqlrooms/pull/85,4,0,0,0,0,0,0,0,0,0,0
https://github.com/stefansl/image-shrinker/pull/68,4,79,79,0,0,0,0,0,0,0,79
https://github.com/strapi/documentation/pull/2503,1,1,1,0,0,0,0,0,0,0,1
https://github.com/svobik7/next-roots/pull/427,1,1,1,0,0,0,0,0,0,0,1
https://github.com/svobik7/next-roots/pull/434,1,1,1,0,0,0,0,0,0,0,1
https://github.com/tact-lang/tact/pull/3359,1,1,1,0,0,0,0,0,0,0,1
https://github.com/tegnike/aituber-kit/pull/354,1,1,1,0,0,0,0,0,0,0,1
https://github.com/tegnike/aituber-kit/pull/358,8,147,147,0,0,0,0,0,0,0,147
https://github.com/tegnike/aituber-kit/pull/411,1,12,12,0,0,0,0,0,0,0,12
https://github.com/theosanderson/taxonium/pull/677,5,5,0,5,0,0,0,0,0,0,0
https://github.com/theosanderson/taxonium/pull/681,1,12,12,0,0,0,0,0,0,0,12
https://github.com/theosanderson/taxonium/pull/699,1,0,0,0,0,0,0,0,0,0,0
https://github.com/theosanderson/taxonium/pull/719,1,40,40,0,0,0,0,0,0,0,40
https://github.com/theturtle32/WebSocket-Node/pull/459,1,12,10,2,0,0,0,2,0,0,10
https://github.com/theturtle32/WebSocket-Node/pull/461,1,5,5,0,0,0,0,0,0,0,5
https://github.com/tinyplex/tinybase/pull/252,4,1,0,1,0,0,1,0,0,0,0
https://github.com/tphakala/birdnet-go/pull/981,8,9,8,1,0,0,1,0,0,0,8
https://github.com/traccar/traccar-web/pull/1380,2,0,0,0,0,0,0,0,0,0,0
https://github.com/traccar/traccar-web/pull/1383,2,2,0,2,0,0,0,0,0,0,0
https://github.com/transloadit/uppy/pull/5800,1,41,40,1,0,0,0,1,0,0,40
https://github.com/tuanpb99/cf-worker-telegram/pull/10,1,12,12,0,0,0,0,0,0,0,12
https://github.com/tuanpb99/cf-worker-telegram/pull/7,1,12,12,0,0,0,0,0,0,0,12
https://github.com/tuanpb99/cf-worker-telegram/pull/8,1,10,10,0,0,0,0,0,0,0,10
https://github.com/ukrbublik/react-awesome-query-builder/pull/1284,1,2,1,1,0,0,0,1,0,0,1
https://github.com/unseen1980/awesome-travel/pull/75,1,1,1,0,0,0,0,0,0,0,1
https://github.com/vadimpronin/guacamole-lite/pull/65,2,41,41,0,0,0,0,0,0,0,41
https://github.com/vanviegen/aberdeen/pull/19,1,0,0,0,0,0,0,0,0,0,0
https://github.com/viasite/site-audit-seo/pull/45,1,6,6,0,0,0,0,0,0,0,6
https://github.com/wataru-maeda/react-native-boilerplate/pull/81,1,4,4,0,0,0,0,0,0,0,4
https://github.com/wix/react-native-ui-lib/pull/3518,1,1,1,0,1,0,0,0,0,0,0
https://github.com/worknenjoy/gitpay/pull/1212,4,48,48,0,0,0,0,0,0,0,48
https://github.com/worknenjoy/gitpay/pull/1213,1,12,12,0,0,0,0,0,0,0,12
https://github.com/worknenjoy/gitpay/pull/1214,1,13,13,0,0,0,0,0,0,0,13
https://github.com/worknenjoy/gitpay/pull/1222,2,3,3,0,0,0,0,0,0,0,3
https://github.com/worknenjoy/gitpay/pull/1223,5,5,4,1,4,0,0,0,0,0,0
https://github.com/worknenjoy/gitpay/pull/1237,3,62,44,18,0,0,18,0,0,0,44
https://github.com/worknenjoy/gitpay/pull/1239,17,270,265,5,0,0,5,0,0,0,265
https://github.com/worknenjoy/gitpay/pull/1240,1,44,43,1,0,0,1,0,0,0,43
https://github.com/yiisoft-contrib/yiiframework.com/pull/1181,1,14,14,0,0,0,0,0,0,0,14
https://github.com/zapier/zapier-platform/pull/1075,4,38,38,0,0,0,0,0,0,0,38
https://github.com/zeroc-ice/ice/pull/4104,2,28,25,3,0,12,0,3,0,0,25
https://github.com/zeroc-ice/ice/pull/4108,7,58,46,12,0,22,0,12,0,0,46
https://github.com/zuiidea/antd-admin/pull/1165,2,14,14,0,1,0,0,0,0,0,13
